Date,Open,High,Low,Adj Close,Volume
25-04-2018,3698.1,3667.970919,3713.020918,3471.430919,12637500
26-04-2018,3698.1,3737.178163,3783.078165,3487.365095,12175800
27-04-2018,3698.1,3702.167481,3747.637482,3454.73716,14420800
30-04-2018,3698.1,3709.495281,3755.055282,3465.360356,13896600
01-05-2018,3698.1,3695.653719,3741.043718,3486.606419,8838000
02-05-2018,3698.1,3702.167481,3747.637482,3453.21989,10715200
03-05-2018,3698.1,3622.375963,3666.865965,3419.074933,15370200
04-05-2018,3698.1,3647.615919,3692.415918,3468.395638,10571800
07-05-2018,3698.1,3727.407519,3773.187518,3495.711027,9006000
08-05-2018,3698.1,3708.680919,3754.230918,3485.848073,9830600
09-05-2018,3698.1,3743.6916,3789.6716,3534.409854,11822400
10-05-2018,3698.1,3794.986281,3841.596282,3560.966979,10974200
11-05-2018,3698.1,3797.428719,3844.068718,3552.620388,9498100
14-05-2018,3698.1,3801.499719,3848.189718,3552.620388,9689500
15-05-2018,3698.1,3765.675,3811.925,3551.861383,11304900
16-05-2018,3698.1,3781.959081,3828.409082,3545.79049,9874200
17-05-2018,3698.1,3779.516237,3825.936235,3531.373996,10162300
18-05-2018,3698.1,3764.860963,3811.100965,3514.681144,13517300
21-05-2018,3698.1,3785.215963,3831.705965,3582.213042,13416300
22-05-2018,3698.1,3770.560281,3816.870282,3518.475761,18505100
23-05-2018,3698.1,3746.9484,3792.9684,3558.690951,9204400
24-05-2018,3698.1,3756.718719,3802.858718,3525.30401,12497700
25-05-2018,3698.1,3784.4016,3830.8816,3566.278866,11354300
29-05-2018,3698.1,3748.576881,3794.616882,3510.12851,12427800
30-05-2018,3698.1,3780.3306,3826.7606,3570.072494,11906500
31-05-2018,3698.1,3803.128119,3849.838118,3545.032803,13062400
01-06-2018,3698.1,3818.598163,3865.498165,3592.836568,10863200
04-06-2018,3698.1,3845.4666,3892.6966,3590.56021,12178400
05-06-2018,3698.1,3811.270281,3858.080282,3576.143716,13430900
06-06-2018,3698.1,3834.881837,3881.981835,3623.187239,13299100
07-06-2018,3698.1,3860.936237,3908.356235,3617.876259,13714100
08-06-2018,3698.1,3860.1222,3907.5322,3655.815174,14515400
11-06-2018,3698.1,3905.717481,3953.687482,3656.572861,12521100
12-06-2018,3698.1,3921.1872,3969.3472,3676.301654,14713600
13-06-2018,3698.1,3915.4878,3963.5778,3662.643753,18053300
14-06-2018,3698.1,3717.6372,3763.2972,3482.812544,37001300
15-06-2018,3698.1,3679.369719,3724.559718,3511.646769,28120400
18-06-2018,3698.1,3701.353119,3746.813118,3529.856974,21474100
19-06-2018,3698.1,3726.5934,3772.3634,3510.887516,22764900
20-06-2018,3698.1,3466.0494,3508.6194,3249.107255,59129000
21-06-2018,3698.1,3499.4316,3542.4116,3270.352988,32635100
22-06-2018,3698.1,3514.0872,3557.2472,3346.231725,29735100
25-06-2018,3698.1,3540.955963,3584.445965,3359.889625,24640500
26-06-2018,3698.1,3612.605319,3656.975318,3369.753816,20717500
27-06-2018,3698.1,3536.884719,3580.324718,3296.91069,26360100
28-06-2018,3698.1,3530.371281,3573.731282,3326.502355,20918400
29-06-2018,3698.1,3562.125,3605.875,3343.197103,22144900
02-07-2018,3698.1,3563.7534,3607.5234,3410.729001,20655500
03-07-2018,3698.1,3624.8184,3669.3384,3393.276484,16783300
05-07-2018,3698.1,3663.085963,3708.075965,3445.632305,21916200
06-07-2018,3698.1,3685.8834,3731.1534,3490.3998,20764300
09-07-2018,3698.1,3750.205281,3796.265282,3545.79049,25125700
10-07-2018,3698.1,3800.6856,3847.3656,3565.52052,27422000
11-07-2018,3698.1,3803.128119,3849.838118,3614.840648,22802600
12-07-2018,3698.1,3887.805,3935.555,3653.538816,24857900
13-07-2018,3698.1,3894.318763,3942.148765,3689.960131,25771400
16-07-2018,3698.1,3904.089081,3952.039082,3691.483088,22949600
17-07-2018,3698.1,3920.373163,3968.523165,3725.001406,18823100
18-07-2018,3698.1,3940.728163,3989.128165,3705.194726,19234700
19-07-2018,3698.1,3925.258119,3973.468118,3689.960131,16656500
20-07-2018,3698.1,3937.471281,3985.831282,3696.054266,17232900
23-07-2018,3698.1,3912.230919,3960.280918,3707.48048,17990200
24-07-2018,3698.1,3953.755281,4002.315282,3707.48048,19885500
25-07-2018,3698.1,3948.87,3997.37,3728.80954,16354900
26-07-2018,3698.1,3970.039037,4018.799035,3722.715653,15229900
27-07-2018,3698.1,3939.099681,3987.479682,3704.433495,14856100
30-07-2018,3698.1,3864.193119,3911.653118,3635.875468,20167300
31-07-2018,3698.1,3858.493719,3905.883718,3632.066675,18808100
01-08-2018,3698.1,3838.953163,3886.103165,3606.928245,22933600
02-08-2018,3698.1,3796.614681,3843.244682,3648.825216,14227400
03-08-2018,3698.1,3900.018163,3947.918165,3692.245226,14295800
06-08-2018,3698.1,3926.072481,3974.292482,3707.48048,13529300
07-08-2018,3698.1,3946.427481,3994.897482,3693.006704,11608000
08-08-2018,3698.1,3929.329037,3977.589035,3686.150432,10849400
09-08-2018,3698.1,3930.1434,3978.4134,3697.578212,14708000
10-08-2018,3698.1,3926.8866,3975.1166,3680.818682,10502200
13-08-2018,3698.1,3905.717481,3953.687482,3657.204198,12152100
14-08-2018,3698.1,3903.274719,3951.214718,3673.963398,11513700
15-08-2018,3698.1,3869.892519,3917.422518,3644.254697,14091000
16-08-2018,3698.1,3911.416881,3959.456882,3664.059234,11874300
17-08-2018,3698.1,3907.345963,3955.335965,3683.865914,11412000
20-08-2018,3698.1,3929.329037,3977.589035,3688.436762,11936700
21-08-2018,3698.1,3938.285319,3986.655318,3687.674048,10187600
22-08-2018,3698.1,3927.700963,3975.940965,3717.383326,11639400
23-08-2018,3698.1,3963.5256,4012.2056,3729.571348,11026700
24-08-2018,3698.1,3987.137481,4036.107482,3752.423694,14011700
27-08-2018,3698.1,4013.191881,4062.481882,3757.756351,12253300
28-08-2018,3698.1,3957.011837,4005.611835,3705.194726,15475700
29-08-2018,3698.1,3960.268719,4008.908718,3724.239021,17307700
30-08-2018,3698.1,3933.400281,3981.710282,3685.38953,15154900
31-08-2018,3698.1,3936.656837,3985.006835,3700.624785,17844100
04-09-2018,3698.1,3921.1872,3969.3472,3700.624785,17289000
05-09-2018,3698.1,3891.061881,3938.851882,3659.488963,16437700
06-09-2018,3698.1,3869.0784,3916.5984,3634.351852,18456100
07-09-2018,3698.1,3853.608763,3900.938765,3641.968943,20513900
10-09-2018,3698.1,3908.16,3956.16,3721.953844,20390600
11-09-2018,3698.1,3950.4984,3999.0184,3726.524693,14877200
12-09-2018,3698.1,3958.640319,4007.260318,3758.518818,17058700
13-09-2018,3698.1,3979.809681,4028.689682,3729.571348,22124400
14-09-2018,3698.1,3984.694719,4033.634718,3751.662216,20066100
17-09-2018,3698.1,3998.536281,4047.646282,3746.330796,29225000
18-09-2018,3698.1,3856.051281,3903.411282,3734.904005,33451100
19-09-2018,3698.1,3961.8972,4010.5572,3765.374761,20904800
20-09-2018,3698.1,4035.175281,4084.735282,3841.549715,26973500
21-09-2018,3698.1,4099.496837,4149.846835,3892.588383,50751900
24-09-2018,3698.1,4128.808119,4179.518118,3903.252789,23906100
25-09-2018,3698.1,4149.977481,4200.947482,3939.816444,18665800
26-09-2018,3698.1,4198.015281,4249.575282,3932.96149,18131000
27-09-2018,3698.1,4179.288763,4230.618765,3937.53102,17993500
28-09-2018,3698.1,4192.315963,4243.805965,3927.629081,16234200
01-10-2018,3698.1,4163.818719,4214.958718,3945.910908,19217800
02-10-2018,3698.1,4081.584681,4131.714682,3826.31479,22406800
03-10-2018,3698.1,4037.6178,4087.2078,3789.750476,21207600
04-10-2018,3698.1,4003.421237,4052.591235,3768.420427,19034000
05-10-2018,3698.1,3999.350319,4048.470318,3759.279967,16900200
08-10-2018,3698.1,3981.438163,4030.338165,3760.042434,16295800
09-10-2018,3698.1,3975.738763,4024.568765,3722.715653,19009800
10-10-2018,3698.1,3856.865319,3904.235318,3610.737285,20885400
11-10-2018,3698.1,3785.215963,3831.705965,3563.507658,26387600
12-10-2018,3698.1,3799.0572,3845.7172,3609.213999,23152800
15-10-2018,3698.1,3816.155319,3863.025318,3603.860243,15693400
16-10-2018,3698.1,3865.007481,3912.477482,3688.755893,13600200
17-10-2018,3698.1,3861.7506,3909.1806,3660.457068,15071100
18-10-2018,3698.1,3837.324681,3884.454682,3623.745881,15084800
19-10-2018,3698.1,3855.236837,3902.586835,3639.806819,17768400
22-10-2018,3698.1,3884.548119,3932.258118,3666.576094,16480200
23-10-2018,3698.1,3836.510319,3883.630318,3670.400217,18921500
24-10-2018,3698.1,3802.314081,3849.014082,3576.326029,20028200
25-10-2018,3698.1,3849.537519,3896.817518,3668.105314,19349300
26-10-2018,3698.1,3803.128119,3849.838118,3619.155912,23088700
29-10-2018,3698.1,3773.0028,3819.3428,3596.211337,19248700
30-10-2018,3698.1,3820.226237,3867.146235,3714.759897,24438200
31-10-2018,3698.1,3956.1978,4004.7878,3735.409569,21082900
01-11-2018,3698.1,3935.8428,3984.1828,3716.2892,17764900
02-11-2018,3698.1,3927.700963,3975.940965,3734.645865,17289300
05-11-2018,3698.1,3948.87,3997.37,3749.176841,13125800
06-11-2018,3698.1,3975.738763,4024.568765,3766.767577,12362700
07-11-2018,3698.1,4027.847481,4077.317482,3844.01498,14329800
08-11-2018,3698.1,4076.6994,4126.7694,3857.016982,11966600
09-11-2018,3698.1,4096.240281,4146.550282,3870.784584,15316100
12-11-2018,3698.1,3998.536281,4047.646282,3764.473663,14374400
13-11-2018,3698.1,4009.120963,4058.360965,3786.653544,13550600
14-11-2018,3698.1,3968.410963,4017.150965,3735.409569,16094000
15-11-2018,3698.1,3993.650919,4042.700918,3872.313887,24922800
16-11-2018,3698.1,4105.196237,4155.616235,3913.614714,20929600
19-11-2018,3698.1,4022.148163,4071.548165,3789.712151,19520500
20-11-2018,3698.1,3904.903119,3952.863118,3696.403562,19389600
21-11-2018,3698.1,3951.312519,3999.842518,3718.583443,13859500
23-11-2018,3698.1,3911.416881,3959.456882,3724.703046,7807300
26-11-2018,3698.1,3916.301837,3964.401835,3691.049806,21603800
27-11-2018,3698.1,3809.641881,3856.431882,3628.334038,28054600
28-11-2018,3698.1,3856.865319,3904.235318,3685.696133,29352900
29-11-2018,3698.1,3862.564719,3910.004718,3663.516911,17052100
30-11-2018,3698.1,3884.548119,3932.258118,3729.291532,22884500
03-12-2018,3698.1,4006.678119,4055.888118,3811.128576,21966600
04-12-2018,3698.1,3965.968119,4014.678118,3728.525933,24643500
06-12-2018,3698.1,3716.823163,3762.473165,3570.207333,39877000
07-12-2018,3698.1,3729.850281,3775.660282,3518.199406,23978000
10-12-2018,3698.1,3691.5828,3736.9228,3569.442146,26375500
11-12-2018,3698.1,3750.205281,3796.265282,3553.381537,22680200
12-12-2018,3698.1,3827.554037,3874.564035,3619.155912,21404000
13-12-2018,3698.1,3806.385,3853.135,3612.273182,23295400
14-12-2018,3698.1,3778.7022,3825.1122,3564.088719,21434300
17-12-2018,3698.1,3707.052519,3752.582518,3497.549075,30441100
18-12-2018,3698.1,3699.724719,3745.164718,3506.726625,42855600
19-12-2018,3698.1,3724.965,3770.715,3552.615938,34397300
20-12-2018,3698.1,3702.9816,3748.4616,3536.555741,35165200
21-12-2018,3698.1,3571.081281,3614.941282,3365.234562,58768400
24-12-2018,3698.1,3475.0056,3517.6856,3265.041101,17230400
26-12-2018,3698.1,3452.208163,3494.608165,3410.358935,21428900
27-12-2018,3698.1,3538.513119,3581.973118,3439.4227,19048700
28-12-2018,3698.1,3642.730963,3687.470965,3427.95033,39141200
31-12-2018,3698.1,3650.8728,3695.7128,3453.189642,14932600
02-01-2019,3698.1,3619.119081,3663.569082,3458.543728,14320400
03-01-2019,3698.1,3615.8622,3660.2722,3424.890488,19868700
04-01-2019,3698.1,3684.255,3729.505,3572.501906,20984000
07-01-2019,3698.1,3783.587481,3830.057482,3629.098978,17967900
08-01-2019,3698.1,3843.024081,3890.224082,3661.986618,16255700
09-01-2019,3698.1,3794.986281,3841.596282,3654.338372,19100200
10-01-2019,3698.1,3816.969681,3863.849682,3657.398215,16652700
11-01-2019,3698.1,3856.865319,3904.235318,3693.345286,16397400
14-01-2019,3698.1,3877.220319,3924.840318,3684.93144,14869400
15-01-2019,3698.1,3860.1222,3907.5322,3714.877511,12142100
16-01-2019,3698.1,3912.230919,3960.280918,3690.306295,14114000
17-01-2019,3698.1,3892.690281,3940.500282,3730.234747,12711200
18-01-2019,3698.1,3978.995319,4027.865318,3783.217125,15930600
22-01-2019,3698.1,3961.8972,4010.5572,3757.877426,13318700
23-01-2019,3698.1,3975.738763,4024.568765,3780.913156,15551200
24-01-2019,3698.1,3978.995319,4027.865318,3777.842022,11442200
25-01-2019,3698.1,4026.219081,4075.669082,3823.913071,16656600
28-01-2019,3698.1,4006.678119,4055.888118,3802.412908,11799100
29-01-2019,3698.1,4005.049719,4054.239718,3809.323907,10838600
30-01-2019,3698.1,4038.431837,4088.031835,3866.913234,13483800
31-01-2019,3698.1,4076.6994,4126.7694,3856.930194,20403600
01-02-2019,3698.1,4094.611881,4144.901882,3901.466006,14849600
04-02-2019,3698.1,4101.939681,4152.319682,3918.359468,12221200
05-02-2019,3698.1,4143.463719,4194.353718,3934.484117,13345500
06-02-2019,3698.1,4149.977481,4200.947482,3936.019354,9220900
07-02-2019,3698.1,4084.841237,4135.011235,3856.163688,14905000
08-02-2019,3698.1,4056.3444,4106.1644,3918.359468,11535600
11-02-2019,3698.1,4148.349081,4199.299082,3933.716375,9714500
12-02-2019,3698.1,4167.889719,4219.079718,3932.94822,14188500
13-02-2019,3698.1,4148.349081,4199.299082,3948.305456,11342600
14-02-2019,3698.1,4159.7478,4210.8378,3952.912157,11155300
15-02-2019,3698.1,4158.1194,4209.1894,3971.341434,13822200
19-02-2019,3698.1,4171.960963,4223.200965,3994.377165,12357500
20-02-2019,3698.1,4193.13,4244.63,3975.180063,13440900
21-02-2019,3698.1,4193.944037,4245.454035,4001.287505,14759500
22-02-2019,3698.1,4250.124081,4302.324082,4029.698586,11689700
25-02-2019,3698.1,4271.293119,4323.753118,4035.840854,14722200
26-02-2019,3698.1,4253.380963,4305.620965,4038.912647,12041300
27-02-2019,3698.1,4255.009037,4307.269035,4022.019185,10674200
28-02-2019,3698.1,4237.910919,4289.960918,4002.823072,31856900
01-03-2019,3698.1,4263.965319,4316.335318,4032.000988,15757700
04-03-2019,3698.1,4198.8294,4250.3994,3995.912732,14850100
05-03-2019,3698.1,4235.4684,4287.4884,4020.48337,16291900
06-03-2019,3698.1,4244.424681,4296.554682,4019.716205,12389300
07-03-2019,3698.1,4249.309719,4301.499718,4037.37675,16624100
08-03-2019,3698.1,4244.424681,4296.554682,4051.965585,15071100
11-03-2019,3698.1,4226.5122,4278.4222,4043.519678,20027700
12-03-2019,3698.1,4281.063763,4333.643765,4054.269224,18048500
13-03-2019,3698.1,4294.090963,4346.830965,4074.233491,19490800
14-03-2019,3698.1,4303.046837,4355.896835,4073.465089,24000300
15-03-2019,3698.1,4152.42,4203.42,4065.018523,43340200
18-03-2019,3698.1,4297.347519,4350.127518,4104.947304,21953600
19-03-2019,3698.1,4376.325,4430.075,4149.483693,19214000
20-03-2019,3698.1,4275.364037,4327.874035,4041.983122,24111600
21-03-2019,3698.1,4262.336837,4314.686835,4149.483693,16686300
22-03-2019,3698.1,4294.090963,4346.830965,4051.965585,16201500
25-03-2019,3698.1,4252.5666,4304.7966,4049.662853,11755900
26-03-2019,3698.1,4320.145281,4373.205282,4091.126294,11657600
27-03-2019,3698.1,4259.080281,4311.390282,4055.036389,12636000
28-03-2019,3698.1,4298.161881,4350.951882,4084.214965,9103100
29-03-2019,3698.1,4335.615,4388.865,4124.143746,11485700
01-04-2019,3698.1,4384.466837,4438.316835,4190.947464,15191700
02-04-2019,3698.1,4386.909681,4440.789682,4157.930012,10812100
03-04-2019,3698.1,4385.281281,4439.141282,4151.018683,12853400
04-04-2019,3698.1,4348.6422,4402.0522,4132.590642,9978800
05-04-2019,3698.1,4375.510963,4429.250965,4141.036549,10016300
08-04-2019,3698.1,4342.128763,4395.458765,4124.912148,10126700
09-04-2019,3698.1,4353.527481,4406.997482,4133.357808,9789000
10-04-2019,3698.1,4364.111837,4417.711835,4162.66809,8477300
11-04-2019,3698.1,4357.5984,4411.1184,4148.784194,8147600
12-04-2019,3698.1,4386.095319,4439.965318,4203.546103,9014000
15-04-2019,3698.1,4421.920281,4476.230282,4213.573155,7694900
16-04-2019,3698.1,4423.548763,4477.878765,4210.487597,7265200
17-04-2019,3698.1,4428.433719,4482.823718,4202.002953,7792200
18-04-2019,3698.1,4415.4066,4469.6366,4205.088263,8233000
22-04-2019,3698.1,4412.964081,4467.164082,4212.801292,6088100
23-04-2019,3698.1,4455.302481,4510.022482,4237.482538,10923400
24-04-2019,3698.1,4474.843119,4529.803118,4255.993658,8769800
25-04-2019,3698.1,4443.903763,4498.483765,4242.881872,8226100
26-04-2019,3698.1,4478.914037,4533.924035,4273.733409,7101600
29-04-2019,3698.1,4484.613763,4539.693765,4248.281206,6443000
30-04-2019,3698.1,4465.0728,4519.9128,4267.5632,10562300
01-05-2019,3698.1,4461.815919,4516.615918,4232.855149,7792700
02-05-2019,3698.1,4434.133119,4488.593118,4211.258142,9652200
03-05-2019,3698.1,4451.231237,4505.901235,4225.913654,11066500
06-05-2019,3698.1,4382.838763,4436.668765,4230.541125,9305400
07-05-2019,3698.1,4368.183163,4421.833165,4164.981785,11712400
08-05-2019,3698.1,4381.210281,4435.020282,4164.210251,10729800
09-05-2019,3698.1,4321.773763,4374.853765,4184.263779,10711800
10-05-2019,3698.1,4356.784037,4410.294035,4215.115645,11200300
13-05-2019,3698.1,4347.013719,4400.403718,4121.017885,10664700
14-05-2019,3698.1,4344.571281,4397.931282,4175.007601,11520800
15-05-2019,3698.1,4383.6528,4437.4928,4208.173244,8573000
16-05-2019,3698.1,4441.460919,4496.010918,4214.343782,10013800
17-05-2019,3698.1,4412.149719,4466.339718,4203.546103,9057100
20-05-2019,3698.1,4358.412519,4411.942518,4138.757389,9820200
21-05-2019,3698.1,4399.122519,4453.152518,4178.092911,8482000
22-05-2019,3698.1,4399.936881,4453.976882,4180.406935,8389700
23-05-2019,3698.1,4275.364037,4327.874035,4094.022945,11213900
24-05-2019,3698.1,4281.8778,4334.4678,4070.112244,9090700
28-05-2019,3698.1,4213.485,4265.235,3991.440293,28230400
29-05-2019,3698.1,4156.490919,4207.540918,3986.812493,12448700
30-05-2019,3698.1,4189.873119,4241.333118,3989.126516,8569500
31-05-2019,3698.1,4112.524037,4163.034035,3902.741867,11847100
03-06-2019,3698.1,4062.043719,4111.933718,3874.97597,17434400
04-06-2019,3698.1,4122.294681,4172.924682,4012.266014,17073200
05-06-2019,3698.1,4221.626837,4273.476835,4018.434986,15855300
06-06-2019,3698.1,4222.441281,4274.301282,4056.228924,10266900
07-06-2019,3698.1,4297.347519,4350.127518,4107.906182,11591800
10-06-2019,3698.1,4361.6694,4415.2394,4165.752082,12984600
11-06-2019,3698.1,4383.6528,4437.4928,4160.353737,11288400
12-06-2019,3698.1,4350.2706,4403.7006,4135.672161,10235400
13-06-2019,3698.1,4351.084719,4404.524718,4152.640708,11289100
14-06-2019,3698.1,4338.057519,4391.337518,4109.448342,12973000
17-06-2019,3698.1,4311.189081,4364.139082,4097.8788,15207900
18-06-2019,3698.1,4267.2222,4319.6322,4080.139296,20999700
19-06-2019,3698.1,4254.195,4306.445,4063.170749,35449500
20-06-2019,3698.1,4521.252519,4576.782518,4395.598055,54173900
21-06-2019,3698.1,4564.405281,4620.465282,4328.495647,45169000
24-06-2019,3698.1,4551.378163,4607.278165,4376.31606,19544200
25-06-2019,3698.1,4564.405281,4620.465282,4324.638473,25462100
26-06-2019,3698.1,4579.060963,4635.300965,4370.145522,15045200
27-06-2019,3698.1,4621.399037,4678.159035,4378.629178,12605800
28-06-2019,3698.1,4588.831281,4645.191282,4394.054905,42570500
01-07-2019,3698.1,4643.382519,4700.412518,4474.269016,20413000
02-07-2019,3698.1,4703.6334,4761.4034,4508.978056,17569600
03-07-2019,3698.1,4753.299681,4811.679682,4539.829923,9989100
05-07-2019,3698.1,4750.0428,4808.3828,4572.223867,13838900
08-07-2019,3698.1,4804.594037,4863.604035,4591.506191,16105600
09-07-2019,3698.1,4804.594037,4863.604035,4596.905196,14348600
10-07-2019,3698.1,4864.845,4924.595,4639.326605,16059100
11-07-2019,3698.1,4836.348163,4895.748165,4626.985199,11150200
12-07-2019,3698.1,4828.205919,4887.505918,4613.102869,11234300
15-07-2019,3698.1,4824.135,4883.385,4591.506191,10721600
16-07-2019,3698.1,4770.3978,4828.9878,4538.846075,9698900
17-07-2019,3698.1,4721.545963,4779.535965,4490.832634,9090900
18-07-2019,3698.1,4689.791837,4747.391835,4500.89933,11882300
19-07-2019,3698.1,4683.2784,4740.7984,4455.983727,11663500
22-07-2019,3698.1,4685.720919,4743.270918,4460.629742,8761700
23-07-2019,3698.1,4677.579081,4735.029082,4449.014292,8141100
24-07-2019,3698.1,4671.879681,4729.259682,4500.125242,10778700
25-07-2019,3698.1,4728.873763,4786.953765,4514.064524,8175900
26-07-2019,3698.1,4738.644081,4796.844082,4530.327556,6057200
29-07-2019,3698.1,4706.075919,4763.875918,4496.253315,7439300
30-07-2019,3698.1,4675.9506,4733.3806,4452.11213,6367200
31-07-2019,3698.1,4528.580319,4584.200318,4359.956515,11966700
01-08-2019,3698.1,4520.4384,4575.9584,4327.43078,10215200
02-08-2019,3698.1,4478.1,4533.1,4324.33319,12644400
05-08-2019,3698.1,4371.439719,4425.129718,4163.254756,16204600
06-08-2019,3698.1,4364.926281,4418.536282,4178.743452,13149500
07-08-2019,3698.1,4312.817481,4365.787482,4130.729351,16344100
08-08-2019,3698.1,4373.882481,4427.602482,4232.177574,12460700
09-08-2019,3698.1,4357.5984,4411.1184,4174.096777,8471300
12-08-2019,3698.1,4315.26,4368.26,4123.759834,6580100
13-08-2019,3698.1,4315.26,4368.26,4179.518118,11014800
14-08-2019,3698.1,4253.380963,4305.620965,4051.73893,12489200
15-08-2019,3698.1,4230.583119,4282.543118,4072.647895,11257000
16-08-2019,3698.1,4316.074037,4369.084035,4150.089315,9913100
19-08-2019,3698.1,4377.139037,4430.899035,4171.773605,8273100
20-08-2019,3698.1,4307.118163,4360.018165,4102.850209,7577800
21-08-2019,3698.1,4329.101237,4382.271235,4122.985498,6113100
22-08-2019,3698.1,4306.303719,4359.193718,4119.113241,6744900
23-08-2019,3698.1,4172.775,4224.025,3994.432469,11374500
26-08-2019,3698.1,4219.998763,4271.828765,4037.025229,8582300
27-08-2019,3698.1,4251.752481,4303.972482,4057.160188,13853100
28-08-2019,3698.1,4202.900319,4254.520318,4023.086029,7499000
29-08-2019,3698.1,4241.1678,4293.2578,4039.348402,6858000
30-08-2019,3698.1,4213.485,4265.235,4031.604548,7920000
03-09-2019,3698.1,4197.200919,4248.750918,4018.439354,10128000
04-09-2019,3698.1,4251.752481,4303.972482,4102.075544,10558300
05-09-2019,3698.1,4366.554681,4420.184682,4169.450515,10414500
06-09-2019,3698.1,4326.658719,4379.798718,4116.789739,11636100
09-09-2019,3698.1,4351.899081,4405.349082,4223.659385,17803800
10-09-2019,3698.1,4408.078719,4462.218718,4295.679382,19976400
11-09-2019,3698.1,4491.1272,4546.2872,4359.182426,16749400
12-09-2019,3698.1,4307.118163,4360.018165,4173.322112,28184400
13-09-2019,3698.1,4342.128763,4395.458765,4162.479761,14736700
16-09-2019,3698.1,4298.161881,4350.951882,4115.241315,15204200
17-09-2019,3698.1,4262.336837,4314.686835,4094.331938,11111400
18-09-2019,3698.1,4222.441281,4274.301282,4070.325382,8911800
19-09-2019,3698.1,4265.593719,4317.983718,4133.052524,14855000
20-09-2019,3698.1,4349.456237,4402.876235,4140.797284,59517000
23-09-2019,3698.1,4320.145281,4373.205282,4183.390044,13863100
24-09-2019,3698.1,4325.030319,4378.150318,4131.50344,15354800
25-09-2019,3698.1,4306.303719,4359.193718,4169.450515,11607200
26-09-2019,3698.1,4353.527481,4406.997482,4178.743452,13324300
27-09-2019,3698.1,4365.740319,4419.360318,4188.810396,12391100
30-09-2019,3698.1,4400.750919,4454.800918,4261.60547,17445100
01-10-2019,3698.1,4376.325,4430.075,4166.352347,16443200
02-10-2019,3698.1,4289.2056,4341.8856,4116.015733,15923700
03-10-2019,3698.1,4310.374719,4363.314718,4170.998939,11268500
04-10-2019,3698.1,4383.6528,4437.4928,4270.124319,13659500
07-10-2019,3698.1,4457.745,4512.495,4243.794344,12352100
08-10-2019,3698.1,4377.9534,4431.7234,4185.713547,14771500
09-10-2019,3698.1,4401.565281,4455.625282,4241.719255,12803100
10-10-2019,3698.1,4425.176837,4479.526835,4316.394742,13789000
11-10-2019,3698.1,4535.908119,4591.618118,4425.296948,18675200
14-10-2019,3698.1,4592.9022,4649.3122,4391.84745,11079600
15-10-2019,3698.1,4588.016837,4644.366835,4383.291512,9150100
16-10-2019,3698.1,4522.880919,4578.430918,4346.731896,8912300
17-10-2019,3698.1,4477.285963,4532.275965,4282.946811,9917700
18-10-2019,3698.1,4411.3356,4465.5156,4243.274933,12562900
21-10-2019,3698.1,4463.4444,4518.2644,4288.392053,8256600
22-10-2019,3698.1,4398.3084,4452.3284,4209.048874,7777100
23-10-2019,3698.1,4386.095319,4439.965318,4210.604222,10491000
24-10-2019,3698.1,4391.794719,4445.734718,4220.716496,6449200
25-10-2019,3698.1,4397.494037,4451.504035,4213.715906,6307000
28-10-2019,3698.1,4418.6634,4472.9334,4250.275852,7280200
29-10-2019,3698.1,4442.275281,4496.835282,4262.722591,8333900
30-10-2019,3698.1,4433.319081,4487.769082,4266.611496,6284900
31-10-2019,3698.1,4416.220963,4470.460965,4238.608148,8260600
01-11-2019,3698.1,4441.460919,4496.010918,4278.279778,7313600
04-11-2019,3698.1,4499.269037,4554.529035,4313.283058,8757000
05-11-2019,3698.1,4519.624037,4575.134035,4330.396582,10759300
06-11-2019,3698.1,4526.951837,4582.551835,4332.729809,10572100
07-11-2019,3698.1,4548.121281,4603.981282,4354.510613,9677700
08-11-2019,3698.1,4540.7934,4596.5634,4394.181337,5869600
11-11-2019,3698.1,4574.1756,4630.3556,4389.514222,5018000
12-11-2019,3698.1,4593.716237,4650.136235,4401.960384,6184900
13-11-2019,3698.1,4573.361237,4629.531235,4372.401358,6802300
14-11-2019,3698.1,4530.208719,4585.848718,4363.066633,9056100
15-11-2019,3698.1,4581.5034,4637.7734,4388.736425,7216900
18-11-2019,3698.1,4556.263119,4612.223118,4370.845351,6923300
19-11-2019,3698.1,4580.689037,4636.949035,4377.068473,7199500
20-11-2019,3698.1,4544.050281,4599.860282,4374.735245,9117000
21-11-2019,3698.1,4569.290319,4625.410318,4373.956706,8067100
22-11-2019,3698.1,4579.875,4636.125,4386.402538,6346900
25-11-2019,3698.1,4582.317519,4638.597518,4399.626497,7977700
26-11-2019,3698.1,4593.716237,4650.136235,4395.737921,12076900
27-11-2019,3698.1,4590.459681,4646.839682,4403.515732,5790000
29-11-2019,3698.1,4566.8478,4622.9378,4366.956116,6479400
02-12-2019,3698.1,4509.039681,4564.419682,4311.727051,14314000
03-12-2019,3698.1,4434.133119,4488.593118,4246.385958,11963700
04-12-2019,3698.1,4411.3356,4465.5156,4232.384778,11436800
05-12-2019,3698.1,4421.105919,4475.405918,4253.388114,10557400
06-12-2019,3698.1,4446.346281,4500.956282,4265.056066,9088600
09-12-2019,3698.1,4458.559037,4513.319035,4302.392573,11996700
10-12-2019,3698.1,4496.8266,4552.0566,4342.064534,10719700
11-12-2019,3698.1,4531.023163,4586.673165,4380.179498,12159600
12-12-2019,3698.1,4539.979037,4595.739035,4392.626237,15413200
13-12-2019,3698.1,4430.876237,4485.296235,4240.162918,21427700
16-12-2019,3698.1,4372.254081,4425.954082,4199.714726,19951000
17-12-2019,3698.1,4301.418763,4354.248765,4110.25919,19778400
18-12-2019,3698.1,4311.189081,4364.139082,4153.041846,14123100
19-12-2019,3698.1,4318.516881,4371.556882,4141.374554,11910100
20-12-2019,3698.1,4343.756837,4397.106835,4169.377243,27423700
23-12-2019,3698.1,4364.926281,4418.536282,4177.93417,10591500
24-12-2019,3698.1,4344.571281,4397.931282,4156.931081,3331700
26-12-2019,3698.1,4338.057519,4391.337518,4167.043356,6702000
27-12-2019,3698.1,4342.9428,4396.2828,4158.487089,7262000
30-12-2019,3698.1,4284.320319,4336.940318,4099.369366,5936100
31-12-2019,3698.1,4278.620919,4331.170918,4121.149675,7094500
02-01-2020,3698.1,4333.9866,4387.2166,4196.603042,13899600
03-01-2020,3698.1,4311.189081,4364.139082,4181.823323,11026700
06-01-2020,3698.1,4343.756837,4397.106835,4203.604538,10982400
07-01-2020,3698.1,4364.926281,4418.536282,4212.937779,12015400
08-01-2020,3698.1,4372.254081,4425.954082,4229.345706,11856700
09-01-2020,3698.1,4399.122519,4453.152518,4248.878916,10671000
10-01-2020,3698.1,4414.592481,4468.812482,4254.349296,9734800
13-01-2020,3698.1,4425.991281,4480.351282,4264.50649,10858900
14-01-2020,3698.1,4437.39,4491.89,4287.946243,12627200
15-01-2020,3698.1,4452.0456,4506.7256,4278.569979,9090800
16-01-2020,3698.1,4472.4006,4527.3306,4330.918795,9866000
17-01-2020,3698.1,4465.886837,4520.736835,4307.479701,11166600
21-01-2020,3698.1,4471.586237,4526.506235,4314.510786,8773000
22-01-2020,3698.1,4445.531837,4500.131835,4275.444448,6380500
23-01-2020,3698.1,4419.477519,4473.757518,4295.759577,6583200
24-01-2020,3698.1,4386.909681,4440.789682,4224.658563,6426000
27-01-2020,3698.1,4285.134681,4337.764682,4116.83507,8259100
28-01-2020,3698.1,4287.5772,4340.2372,4176.99689,8620300
29-01-2020,3698.1,4329.9156,4383.0956,4156.68242,6332500
30-01-2020,3698.1,4256.637519,4308.917518,4165.277013,7176200
31-01-2020,3698.1,4257.451881,4309.741882,4098.082872,8884700
03-02-2020,3698.1,4290.019719,4342.709718,4148.087415,8892500
04-02-2020,3698.1,4376.325,4430.075,4222.31462,9769800
05-02-2020,3698.1,4443.903763,4498.483765,4277.007378,9612900
06-02-2020,3698.1,4454.488119,4509.198118,4274.663106,8832000
07-02-2020,3698.1,4412.149719,4466.339718,4275.444448,7864800
10-02-2020,3698.1,4433.319081,4487.769082,4296.540836,7198200
11-02-2020,3698.1,4487.056281,4542.166282,4309.042631,8466600
12-02-2020,3698.1,4498.455,4553.705,4354.358466,7541100
13-02-2020,3698.1,4478.914037,4533.924035,4321.54286,8480100
14-02-2020,3698.1,4497.640963,4552.880965,4334.044326,7496800
18-02-2020,3698.1,4486.241837,4541.341835,4332.481725,7185700
19-02-2020,3698.1,4509.853719,4565.243718,4331.700713,6819200
20-02-2020,3698.1,4468.329681,4523.209682,4337.169857,6114600
21-02-2020,3698.1,4432.504719,4486.944718,4272.320153,9078600
24-02-2020,3698.1,4275.364037,4327.874035,4113.709539,10992500
25-02-2020,3698.1,4136.135919,4186.935918,3981.663798,12202600
26-02-2020,3698.1,4171.960963,4223.200965,4066.829208,16413100
27-02-2020,3698.1,4132.879037,4183.639035,3967.599731,16161100
28-02-2020,3698.1,3900.018163,3947.918165,3864.4647,24426000
02-03-2020,3698.1,3962.711237,4011.381235,3976.976242,17328500
03-03-2020,3698.1,3928.515,3976.765,3816.802368,21830500
04-03-2020,3698.1,3975.738763,4024.568765,3948.84811,14813700
05-03-2020,3698.1,3887.805,3935.555,3750.389816,15843000
06-03-2020,3698.1,3782.773119,3829.233118,3701.166202,24581400
09-03-2020,3698.1,3636.2172,3680.8772,3594.90498,25949300
10-03-2020,3698.1,3758.3472,3804.5072,3795.707217,27067700
11-03-2020,3698.1,3604.4634,3648.7334,3494.113233,24139200
12-03-2020,3698.1,3233.188119,3272.898118,3109.698111,24123800
13-03-2020,3698.1,3535.256237,3578.676235,3744.921002,28339400
16-03-2020,3698.1,3359.389037,3400.649035,3337.847468,27493700
17-03-2020,3698.1,3391.9572,3433.6172,3661.318522,25588900
18-03-2020,3698.1,3465.235281,3507.795282,3693.352868,29557000
19-03-2020,3698.1,3653.315319,3698.185318,3521.460436,20159100
20-03-2020,3698.1,3624.004037,3668.514035,3566.777837,26340800
23-03-2020,3698.1,3573.523719,3617.413718,3452.702622,23063700
24-03-2020,3698.1,3688.325919,3733.625918,3737.88901,19323700
25-03-2020,3698.1,3702.9816,3748.4616,3589.435589,25625800
26-03-2020,3698.1,3760.789719,3806.979718,3944.159978,22417900
27-03-2020,3698.1,3953.755281,4002.315282,3893.374092,20025300
30-03-2020,3698.1,4037.6178,4087.2078,3934.784703,20611900
31-03-2020,3698.1,3908.16,3956.16,3776.174336,15802000
01-04-2020,3698.1,3748.576881,3794.616882,3805.864493,17918200
02-04-2020,3698.1,3916.301837,3964.401835,3891.029903,16434400
03-04-2020,3698.1,3985.509081,4034.459082,3859.776816,13362500
06-04-2020,3698.1,4099.496837,4149.846835,4023.074985,13845800
07-04-2020,3698.1,4128.808119,4179.518118,3966.03713,14063000
08-04-2020,3698.1,4142.649681,4193.529682,4092.429189,15710700
09-04-2020,3698.1,4236.282519,4288.312518,4174.858915,15521200
13-04-2020,3698.1,4266.408163,4318.808165,4158.373267,12694800
14-04-2020,3698.1,4351.899081,4405.349082,4239.232561,11674600
15-04-2020,3698.1,4299.790281,4352.600282,4173.288732,10398100
16-04-2020,3698.1,4320.9594,4374.0294,4215.680964,14098300
17-04-2020,3698.1,4394.237481,4448.207482,4287.905033,13608800
20-04-2020,3698.1,4380.395919,4434.195918,4232.16686,10358900
21-04-2020,3698.1,4162.190319,4213.310318,4028.05612,14111700
22-04-2020,3698.1,4215.1134,4266.8834,4103.419567,9668300
23-04-2020,3698.1,4189.059081,4240.509082,4079.869206,10330200
24-04-2020,3698.1,4230.583119,4282.543118,4161.513304,9403500
27-04-2020,3698.1,4320.145281,4373.205282,4189.77471,9123200
28-04-2020,3698.1,4325.844681,4378.974682,4176.429098,8350500
29-04-2020,3698.1,4371.439719,4425.129718,4229.812615,9064100
30-04-2020,3698.1,4298.975919,4351.775918,4158.373267,11808800
01-05-2020,3698.1,4177.660281,4228.970282,4065.737885,8702400
04-05-2020,3698.1,4160.561837,4211.661835,4062.5976,7567900
05-05-2020,3698.1,4233.025963,4285.015965,4086.149198,7271800
06-05-2020,3698.1,4209.414081,4261.114082,4071.233073,7050000
07-05-2020,3698.1,4255.8234,4308.0934,4129.326728,7154700
08-05-2020,3698.1,4296.5334,4349.3034,4205.475555,8130800
11-05-2020,3698.1,4320.145281,4373.205282,4202.33527,8138600
12-05-2020,3698.1,4254.195,4306.445,4103.419567,8598800
13-05-2020,3698.1,4175.217519,4226.497518,4054.747425,10274300
14-05-2020,3698.1,4141.021281,4191.881282,4153.662551,13794000
15-05-2020,3698.1,4276.1784,4328.6984,4154.447602,39055700
18-05-2020,3698.1,4320.9594,4374.0294,4172.50434,9901900
19-05-2020,3698.1,4259.8944,4312.2144,4108.915415,9805100
20-05-2020,3698.1,4286.763163,4339.413165,4152.878078,9115900
21-05-2020,3698.1,4243.610319,4295.730318,4099.494232,7464000
22-05-2020,3698.1,4240.353763,4292.433765,4130.896582,7211700
26-05-2020,3698.1,4286.763163,4339.413165,4143.457142,11200600
27-05-2020,3698.1,4280.2494,4332.8194,4176.429098,9228100
28-05-2020,3698.1,4333.172481,4386.392482,4209.400972,9465400
29-05-2020,3698.1,4314.445963,4367.435965,4221.176153,14734800
01-06-2020,3698.1,4298.161881,4350.951882,4165.438309,7363200
02-06-2020,3698.1,4285.948719,4338.588718,4182.709008,8756300
03-06-2020,3698.1,4314.445963,4367.435965,4199.195316,9188700
04-06-2020,3698.1,4285.134681,4337.764682,4148.952413,9696000
05-06-2020,3698.1,4294.090963,4346.830965,4237.662378,12210100
08-06-2020,3698.1,4338.057519,4391.337518,4325.587704,11519500
09-06-2020,3698.1,4386.909681,4440.789682,4253.363635,8852500
10-06-2020,3698.1,4388.538163,4442.438165,4247.867128,7436700
11-06-2020,3698.1,4171.1466,4222.3766,4028.05612,12805700
12-06-2020,3698.1,4150.7916,4201.7716,4071.233073,11537200
15-06-2020,3698.1,4145.0922,4196.0022,4180.354104,16038100
16-06-2020,3698.1,4378.767519,4432.547518,4285.54914,19380200
17-06-2020,3698.1,4193.13,4244.63,4044.541768,28692600
18-06-2020,3698.1,4178.4744,4229.7944,4214.895831,19259500
19-06-2020,3698.1,4313.6316,4366.6116,4270.634334,33051200
22-06-2020,3698.1,4386.909681,4440.789682,4327.157228,16705900
23-06-2020,3698.1,4488.684681,4543.814682,4332.652417,18695000
24-06-2020,3698.1,4423.548763,4477.878765,4273.773959,18287400
25-06-2020,3698.1,4359.226881,4412.766882,4280.84032,16008700
26-06-2020,3698.1,4366.554681,4420.184682,4253.363635,17969400
29-06-2020,3698.1,4384.466837,4438.316835,4298.895163,14366900
30-06-2020,3698.1,4437.39,4491.89,4338.933645,18885900
01-07-2020,3698.1,4452.0456,4506.7256,4356.203767,17856800
02-07-2020,3698.1,4531.023163,4586.673165,4391.531205,15478900
06-07-2020,3698.1,4572.5472,4628.7072,4443.343631,15309700
07-07-2020,3698.1,4577.432481,4633.652482,4420.577661,13232100
08-07-2020,3698.1,4558.705963,4614.695965,4448.054099,12582200
09-07-2020,3698.1,4626.2844,4683.1044,4516.352751,15692600
10-07-2020,3698.1,4615.699719,4672.389718,4505.362044,12615800
13-07-2020,3698.1,4638.497481,4695.467482,4475.530454,15965600
14-07-2020,3698.1,4598.6016,4655.0816,4509.43046,15510300
15-07-2020,3698.1,4590.459681,4646.839682,4463.705574,10570800
16-07-2020,3698.1,4525.323763,4580.903765,4400.635812,8779300
17-07-2020,3698.1,4458.559037,4513.319035,4328.106707,14344800
20-07-2020,3698.1,4452.859719,4507.549718,4367.524896,11469300
21-07-2020,3698.1,4525.323763,4580.903765,4407.73102,11875100
22-07-2020,3698.1,4535.094081,4590.794082,4415.61507,13842400
23-07-2020,3698.1,4526.951837,4582.551835,4395.906141,12576000
24-07-2020,3698.1,4499.269037,4554.529035,4387.234155,8939700
27-07-2020,3698.1,4504.1544,4559.4744,4362.795307,10319600
28-07-2020,3698.1,4494.384081,4549.584082,4363.582912,13030100
29-07-2020,3698.1,4506.596837,4561.946835,4391.176222,7242700
30-07-2020,3698.1,4469.143719,4524.033718,4355.699439,7633200
31-07-2020,3698.1,4423.548763,4477.878765,4371.466633,9355800
03-08-2020,3698.1,4517.995963,4573.485965,4413.250111,9164900
04-08-2020,3698.1,4521.252519,4576.782518,4414.827218,6364300
05-08-2020,3698.1,4509.039681,4564.419682,4375.408369,6629000
06-08-2020,3698.1,4473.214719,4528.154718,4358.064728,8169600
07-08-2020,3698.1,4458.559037,4513.319035,4354.122333,8772300
10-08-2020,3698.1,4468.329681,4523.209682,4331.260508,10046900
11-08-2020,3698.1,4408.078719,4462.218718,4278.440085,8075100
12-08-2020,3698.1,4394.237481,4448.207482,4270.555706,9068200
13-08-2020,3698.1,4370.6256,4424.3056,4258.731155,8260300
14-08-2020,3698.1,4377.9534,4431.7234,4272.921654,5454400
17-08-2020,3698.1,4368.9972,4422.6572,4256.365537,9523700
18-08-2020,3698.1,4467.515319,4522.385318,4350.181255,21102600
19-08-2020,3698.1,4515.553119,4571.013118,4430.594411,16751500
20-08-2020,3698.1,4485.4278,4540.5178,4356.487951,10974800
21-08-2020,3698.1,4456.1166,4510.8466,4350.969191,9552000
24-08-2020,3698.1,4513.924719,4569.364718,4415.61507,7892100
25-08-2020,3698.1,4561.1484,4617.1684,4421.922096,7427000
26-08-2020,3698.1,4564.405281,4620.465282,4532.293191,11597600
27-08-2020,3698.1,4606.743763,4663.323765,4507.853683,15834700
28-08-2020,3698.1,4658.038119,4715.248118,4563.039147,8613800
31-08-2020,3698.1,4644.196881,4701.236882,4511.007237,18683500
01-09-2020,3698.1,4647.453763,4704.533765,4545.695177,10169500
02-09-2020,3698.1,4699.562481,4757.282482,4653.700406,14342800
03-09-2020,3698.1,4612.443163,4669.093165,4501.54641,15387400
04-09-2020,3698.1,4491.1272,4546.2872,4393.541181,14697200
08-09-2020,3698.1,4467.515319,4522.385318,4361.2182,16472800
09-09-2020,3698.1,4548.121281,4603.981282,4489.72153,13993200
10-09-2020,3698.1,4620.585,4677.335,4519.678892,20500900
11-09-2020,3698.1,4630.355319,4687.225318,4493.662607,40220600
14-09-2020,3698.1,4832.276837,4891.626835,4687.599752,50107400
15-09-2020,3698.1,4835.533719,4894.923718,4804.276636,30385600
16-09-2020,3698.1,4856.703163,4916.353165,4764.071171,21223300
17-09-2020,3698.1,4803.78,4862.78,4744.36257,22831200
18-09-2020,3698.1,4838.7906,4898.2206,4710.462565,49311700
21-09-2020,3698.1,4887.642519,4947.672518,4794.817704,32560400
22-09-2020,3698.1,4841.233119,4900.693118,4779.050181,13306000
23-09-2020,3698.1,4795.638163,4854.538165,4648.182222,15513500
24-09-2020,3698.1,4745.971881,4804.261882,4674.98636,9560500
25-09-2020,3698.1,4800.523119,4859.483118,4714.403642,9371900
28-09-2020,3698.1,4842.047481,4901.517482,4697.060579,9356300
29-09-2020,3698.1,4836.348163,4895.748165,4688.387687,6340600
30-09-2020,3698.1,4833.905319,4893.275318,4706.521158,11001500
01-10-2020,3698.1,4840.419081,4899.869082,4704.943722,7357700
02-10-2020,3698.1,4763.884037,4822.394035,4637.93313,7329800
05-10-2020,3698.1,4811.1078,4870.1978,4695.483554,6899200
06-10-2020,3698.1,4837.1622,4896.5722,4691.541818,9743600
07-10-2020,3698.1,4855.888719,4915.528718,4796.026888,8690900
08-10-2020,3698.1,4936.494681,4997.124682,4819.773491,7202800
09-10-2020,3698.1,4955.221281,5016.081282,4840.3536,7355700
12-10-2020,3698.1,4972.3194,5033.3894,4864.892177,8275000
13-10-2020,3698.1,4956.849681,5017.729682,4826.105985,8896300
14-10-2020,3698.1,4954.406837,5015.256835,4825.313681,6651100
15-10-2020,3698.1,4891.713763,4951.793765,4790.485792,6251600
16-10-2020,3698.1,4906.369037,4966.629035,4772.279708,6070800
19-10-2020,3698.1,4835.533719,4894.923718,4719.246477,8311000
20-10-2020,3698.1,4855.074681,4914.704682,4729.536696,9241200
21-10-2020,3698.1,4821.692481,4880.912482,4723.203873,10114900
22-10-2020,3698.1,4778.539719,4837.229718,4724.787244,11900600
23-10-2020,3698.1,4861.588119,4921.298118,4741.409297,9739300
26-10-2020,3698.1,4602.672519,4659.202518,4550.645487,18876900
27-10-2020,3698.1,4642.5684,4699.5884,4518.191458,10806500
28-10-2020,3698.1,4521.252519,4576.782518,4400.250004,13910600
29-10-2020,3698.1,4489.498719,4544.638718,4434.286497,13573700
30-10-2020,3698.1,4514.739081,4570.189082,4441.410964,12602300
02-11-2020,3698.1,4569.290319,4625.410318,4468.32332,11413200
03-11-2020,3698.1,4605.9294,4662.4994,4496.027319,8911200
04-11-2020,3698.1,4588.016837,4644.366835,4471.489649,12054900
05-11-2020,3698.1,4593.716237,4650.136235,4484.945703,9017100
06-11-2020,3698.1,4571.733163,4627.883165,4496.027319,7510400
09-11-2020,3698.1,4622.2134,4678.9834,4499.193978,11486600
10-11-2020,3698.1,4575.804081,4632.004082,4485.737347,9015900
11-11-2020,3698.1,4624.655919,4681.455918,4527.690281,7724400
12-11-2020,3698.1,4567.661837,4623.761835,4468.32332,7324000
13-11-2020,3698.1,4604.300919,4660.850918,4504.734827,5870300
16-11-2020,3698.1,4631.169681,4688.049682,4523.732225,6309200
17-11-2020,3698.1,4625.470281,4682.280282,4521.357211,5569700
18-11-2020,3698.1,4579.060963,4635.300965,4452.492581,8998800
19-11-2020,3698.1,4523.695281,4579.255282,4468.32332,9643100
20-11-2020,3698.1,4533.4656,4589.1456,4408.957183,8395800
23-11-2020,3698.1,4540.7934,4596.5634,4439.03595,8235900
24-11-2020,3698.1,4588.831281,4645.191282,4556.977321,10427200
25-11-2020,3698.1,4662.109037,4719.369035,4544.312746,6848900
27-11-2020,3698.1,4653.153163,4710.303165,4572.016993,5627000
30-11-2020,3698.1,4657.224081,4714.424082,4568.850664,26676900
01-12-2020,3698.1,4723.174037,4781.184035,4649.589214,11855300
02-12-2020,3698.1,4733.758719,4791.898718,4676.502476,9330400
03-12-2020,3698.1,4808.665281,4867.725282,4691.542148,9783900
04-12-2020,3698.1,4825.7634,4885.0334,4746.15842,10872700
07-12-2020,3698.1,4855.074681,4914.704682,4733.493845,14922900
08-12-2020,3698.1,4740.272481,4798.492482,4672.544338,15237800
09-12-2020,3698.1,4787.495919,4846.295918,4727.952996,12204100
10-12-2020,3698.1,4807.036881,4866.076882,4708.164531,14219900
11-12-2020,3698.1,4837.976237,4897.396235,4797.609929,16209900
14-12-2020,3698.1,4941.379719,5002.069718,4809.483272,16193600
15-12-2020,3698.1,4958.478163,5019.378165,4896.554232,15506700
16-12-2020,3698.1,5035.826837,5097.676835,4969.377,16119900
17-12-2020,3698.1,5107.4766,5170.2066,5035.076455,15320500
18-12-2020,3698.1,5164.4706,5227.9006,5149.851168,33728700
21-12-2020,3698.1,5201.109681,5264.989682,5103.942733,18210200
22-12-2020,3698.1,5245.8906,5310.3206,5156.975635,17136000
23-12-2020,3698.1,5304.513163,5369.663165,5168.847989,13075200
24-12-2020,3698.1,5274.387519,5339.167518,5141.935963,3796500
28-12-2020,3698.1,5271.945,5336.695,5134.811826,6463500
29-12-2020,3698.1,5228.792481,5293.012482,5102.358703,7770200
30-12-2020,3698.1,5239.376837,5303.726835,5097.60958,6192000
31-12-2020,3698.1,5211.694363,5275.704365,5120.56388,6928600
04-01-2021,3698.1,5143.301237,5206.471235,5046.158071,11249900
05-01-2021,3698.1,5087.1216,5149.6016,4983.624699,11005700
06-01-2021,3698.1,5040.7122,5102.6222,4971.706107,8685400
07-01-2021,3698.1,5117.246837,5180.096835,5011.435267,7382800
08-01-2021,3698.1,5122.1322,5185.0422,5036.067803,7751700
11-01-2021,3698.1,5116.4328,5179.2728,5008.256905,6284700
12-01-2021,3698.1,5062.6956,5124.8756,4959.787598,7758200
13-01-2021,3698.1,5045.597481,5107.567482,4931.182748,8298000
14-01-2021,3698.1,5008.144037,5069.654035,4894.631374,10258600
15-01-2021,3698.1,4983.718119,5044.928118,4908.934046,7532600
19-01-2021,3698.1,4974.761837,5035.861835,4869.999745,8903400
20-01-2021,3698.1,4978.833163,5039.983165,4891.453918,7025000
21-01-2021,3698.1,4960.106237,5021.026235,4863.64302,6943600
22-01-2021,3698.1,4864.030963,4923.770965,4796.103951,9896700
25-01-2021,3698.1,4866.4734,4926.2434,4839.011143,8524700
26-01-2021,3698.1,4953.5928,5014.4328,4910.523104,8186500
27-01-2021,3698.1,4996.745319,5058.115318,4970.117132,14789000
28-01-2021,3698.1,4980.461237,5041.631235,4864.438208,11166400
29-01-2021,3698.1,4902.298119,4962.508118,4801.665817,11451800
01-02-2021,3698.1,4945.450963,5006.190965,4887.48012,10553500
02-02-2021,3698.1,5031.755919,5093.555918,4955.814707,10528000
03-02-2021,3698.1,5046.4116,5108.3916,4939.923307,9933500
04-02-2021,3698.1,5068.395,5130.645,5033.68331,9928700
05-02-2021,3698.1,5152.257519,5215.537518,5053.548261,9170200
08-02-2021,3698.1,5116.4328,5179.2728,5014.614536,7003400
09-02-2021,3698.1,5122.1322,5185.0422,5059.110704,5437400
10-02-2021,3698.1,5123.7606,5186.6906,5027.327327,9577500
11-02-2021,3698.1,5070.837519,5133.117518,4982.035971,7690800
12-02-2021,3698.1,5073.280281,5135.590282,5012.230373,6663400
16-02-2021,3698.1,5056.181837,5118.281835,4937.539143,7526000
17-02-2021,3698.1,4995.931281,5057.291282,4933.566335,6244500
18-02-2021,3698.1,5020.3572,5082.0172,4931.977277,6262400
19-02-2021,3698.1,4973.133763,5034.213765,4857.286707,10905100
22-02-2021,3698.1,5070.837519,5133.117518,5121.08733,20940300
23-02-2021,3698.1,5214.951244,5279.001247,5125.060798,18175400
24-02-2021,3698.1,5217.393763,5281.473765,5140.951868,10609300
25-02-2021,3698.1,5258.103763,5322.683765,5188.627058,15356100
26-02-2021,3698.1,5251.59,5316.09,5125.855656,20512600
01-03-2021,3698.1,5273.573156,5338.343153,5257.75675,11758900
02-03-2021,3698.1,5373.72,5439.72,5296.691052,13282000
03-03-2021,3698.1,5390.003756,5456.203753,5316.555343,15827600
04-03-2021,3698.1,5317.540037,5382.850035,5213.259594,19951100
05-03-2021,3698.1,5480.380037,5547.690035,5559.698464,34211500
08-03-2021,3698.1,5707.541837,5777.641835,5733.711645,23300500
09-03-2021,3698.1,5862.24,5934.24,5771.852407,17296400
10-03-2021,3698.1,5821.53,5893.03,5730.532294,21378600
11-03-2021,3698.1,5327.3106,5392.7406,5356.284503,38095400
12-03-2021,3698.1,5410.358756,5476.808753,5336.420212,11606300
15-03-2021,3698.1,5446.998163,5513.898165,5381.710579,8919600
16-03-2021,3698.1,5429.0856,5495.7656,5311.787676,14512500
17-03-2021,3698.1,5386.747526,5452.90753,5261.728653,11892400
18-03-2021,3698.1,5381.047474,5447.13747,5303.046458,13750300
19-03-2021,3698.1,5370.463119,5436.423118,5264.908251,30963600
22-03-2021,3698.1,5362.321281,5428.181282,5269.675342,10263700
23-03-2021,3698.1,5400.588763,5466.918765,5345.16077,12390100
24-03-2021,3698.1,5433.970637,5500.710635,5310.198041,11391100
25-03-2021,3698.1,5435.599363,5502.359365,5453.223198,14844700
26-03-2021,3698.1,5559.357519,5627.637518,5581.945271,12617000
29-03-2021,3698.1,5713.241237,5783.411235,5651.868833,15183700
30-03-2021,3698.1,5695.328756,5765.278753,5605.78369,12000200
31-03-2021,3698.1,5692.072526,5761.98253,5575.589288,9971700
01-04-2021,3698.1,5726.268763,5796.598765,5705.900995,13228700
05-04-2021,3698.1,5867.125037,5939.185035,5892.628779,25010200
06-04-2021,3698.1,5956.687526,6029.84753,5902.163537,14699800
07-04-2021,3698.1,5980.298756,6053.748753,5910.941185,12356800
08-04-2021,3698.1,6037.293163,6111.443165,6007.501902,13507700
09-04-2021,3698.1,6098.358163,6173.258165,6031.442192,13285700
12-04-2021,3698.1,6122.783756,6197.983753,6074.536725,10634900
13-04-2021,3698.1,6179.778163,6255.678165,6118.427353,13142400
14-04-2021,3698.1,6229.444363,6305.954365,6130.39688,12730700
15-04-2021,3698.1,6255.498763,6332.328765,6247.706008,13604200
16-04-2021,3698.1,6339.361281,6417.221282,6300.376179,13334100
19-04-2021,3698.1,6378.442474,6456.78247,6284.414969,19967200
20-04-2021,3698.1,6403.683163,6482.333165,6323.51782,12562300
21-04-2021,3698.1,6231.072519,6307.602518,6117.629445,18672800
22-04-2021,3698.1,6086.145,6160.895,5974.78281,16769300
23-04-2021,3698.1,6012.866837,6086.716835,5982.763127,10664700
26-04-2021,3698.1,6041.363756,6115.563753,5945.256834,9402200
27-04-2021,3698.1,6042.992481,6117.212482,6002.714124,9300200
28-04-2021,3698.1,6078.817526,6153.47753,5966.803153,6107800
29-04-2021,3698.1,6077.188719,6151.828718,6054.585728,7940400
30-04-2021,3698.1,6121.969963,6197.159965,6048.200074,7825300
03-05-2021,3698.1,6194.433763,6270.513765,6171.096865,15319600
04-05-2021,3698.1,6263.6406,6340.5706,6266.858438,15316500
05-05-2021,3698.1,6384.956237,6463.376235,6319.52795,12271900
06-05-2021,3698.1,6396.355037,6474.915035,6363.418578,14089700
07-05-2021,3698.1,6397.983763,6476.563765,6416.089409,14073400
10-05-2021,3698.1,6399.611837,6478.211835,6396.138329,17356700
11-05-2021,3698.1,6289.695,6366.945,6199.826169,12980400
12-05-2021,3698.1,6231.072519,6307.602518,6124.811112,12302600
13-05-2021,3698.1,6259.569356,6336.449353,6235.736563,11399300
14-05-2021,3698.1,6360.530644,6438.650647,6295.587742,9033400
17-05-2021,3698.1,6419.966837,6498.816835,6310.750385,6637900
18-05-2021,3698.1,6382.513719,6460.903718,6279.626532,6643100
19-05-2021,3698.1,6314.121244,6391.671247,6283.616979,8165000
20-05-2021,3698.1,6406.1256,6484.8056,6282.021657,8802700
21-05-2021,3698.1,6430.551844,6509.531847,6306.760515,8629000
24-05-2021,3698.1,6443.578719,6522.718718,6334.689356,7044700
25-05-2021,3698.1,6403.683163,6482.333165,6290.799305,7160600
26-05-2021,3698.1,6395.541244,6474.091247,6325.114954,12851100
27-05-2021,3698.1,6419.152474,6497.99247,6302.770728,12867800
28-05-2021,3698.1,6405.311237,6483.981235,6283.616979,6929700
01-06-2021,3698.1,6389.841844,6468.321847,6349.853152,10485300
02-06-2021,3698.1,6473.704363,6553.214365,6405.713967,12249300
03-06-2021,3698.1,6485.103163,6564.753165,6471.15215,12038700
04-06-2021,3698.1,6625.145644,6706.515647,6614.796116,14502900
07-06-2021,3698.1,6745.646837,6828.496835,6698.588821,10445600
08-06-2021,3698.1,6839.28,6923.28,6752.056241,10726800
09-06-2021,3698.1,6841.722519,6925.752518,6744.873338,9720300
10-06-2021,3698.1,6652.828119,6734.538118,6567.712949,16680800
11-06-2021,3698.1,6663.412474,6745.25247,6615.594024,11066500
14-06-2021,3698.1,6687.024356,6769.154353,6593.249715,10173200
15-06-2021,3698.1,6623.516837,6704.866835,6515.042778,17298000
16-06-2021,3698.1,6179.778163,6255.678165,6151.146445,36560600
17-06-2021,3698.1,6233.515037,6310.075035,6189.450728,14836100
18-06-2021,3698.1,6185.477481,6261.447482,6083.314373,22521200
21-06-2021,3698.1,6232.701244,6309.251247,6223.766377,8924300
22-06-2021,3698.1,6323.077526,6400.73753,6278.829201,9845800
23-06-2021,3698.1,6355.645037,6433.705035,6232.543365,7295900
24-06-2021,3698.1,6319.006281,6396.616282,6203.81472,9624000
25-06-2021,3698.1,6314.935037,6392.495035,6261.272093,12845000
28-06-2021,3698.1,6377.628763,6455.958765,6264.464549,5605400
29-06-2021,3698.1,6336.1044,6413.9244,6232.543365,5392900
30-06-2021,3698.1,6316.563763,6394.143765,6211.795037,7899800
01-07-2021,3698.1,6343.432526,6421.34253,6347.459264,13108000
02-07-2021,3698.1,6460.676837,6540.026835,6529.40743,15258100
06-07-2021,3698.1,6624.331281,6705.691282,6629.958676,14200400
07-07-2021,3698.1,6754.603119,6837.563118,6870.162123,20976600
08-07-2021,3698.1,6893.017526,6977.67753,6830.261365,16383300
09-07-2021,3698.1,6984.207519,7069.987518,7003.432461,15685300
12-07-2021,3698.1,7081.097481,7168.067482,6949.167051,16076800
13-07-2021,3698.1,7045.272519,7131.802518,6948.368483,12789300
14-07-2021,3698.1,7055.857526,7142.51753,7070.915649,13330500
15-07-2021,3698.1,6962.224363,7047.734365,6907.5194,18306300
16-07-2021,3698.1,7044.458156,7130.978153,7007.641156,14617500
19-07-2021,3698.1,7017.589963,7103.779965,6966.790837,15619900
20-07-2021,3698.1,7085.168156,7172.188153,7101.354015,12813900
21-07-2021,3698.1,7202.413119,7290.873118,7183.852643,13108100
22-07-2021,3698.1,7301.7456,7391.4256,7263.949141,13638900
23-07-2021,3698.1,7093.310644,7180.430647,7023.660225,12680900
26-07-2021,3698.1,7056.671237,7143.341235,7037.27469,10454100
27-07-2021,3698.1,7093.310644,7180.430647,7032.47117,8465200
28-07-2021,3698.1,7093.310644,7180.430647,6982.810482,6396800
29-07-2021,3698.1,7110.408763,7197.738765,7018.85415,6201400
30-07-2021,3698.1,7072.955644,7159.825647,6979.606075,7962800
02-08-2021,3698.1,7090.867474,7177.95747,7016.451442,5579100
03-08-2021,3698.1,7149.490037,7237.300035,7187.857596,9889800
04-08-2021,3698.1,7269.177519,7358.457518,7212.686291,7509900
05-08-2021,3698.1,7226.839363,7315.599365,7163.027582,8231300
06-08-2021,3698.1,7231.7244,7320.5444,7170.235046,6513900
09-08-2021,3698.1,7254.521837,7343.621835,7200.673411,5798700
10-08-2021,3698.1,7240.6806,7329.6106,7179.847691,5473300
11-08-2021,3698.1,7287.904363,7377.414365,7179.045991,8009800
12-08-2021,3698.1,7219.511237,7308.181235,7193.463475,5687200
13-08-2021,3698.1,7323.728756,7413.678753,7239.117891,6640400
16-08-2021,3698.1,7290.346881,7379.886882,7274.360435,7122800
17-08-2021,3698.1,7357.925644,7448.295647,7284.774285,6738500
18-08-2021,3698.1,7234.981281,7323.841282,7123.780084,7666300
19-08-2021,3698.1,7183.686844,7271.916847,7105.357731,8099400
20-08-2021,3698.1,7189.386244,7277.686247,7123.780084,8716400
23-08-2021,3698.1,7222.768119,7311.478118,7138.197568,7147300
24-08-2021,3698.1,7203.227481,7291.697482,7092.543729,6320100
25-08-2021,3698.1,7169.031244,7257.081247,7098.150184,5748500
26-08-2021,3698.1,7202.413119,7290.873118,7106.158771,9093200
27-08-2021,3698.1,7214.626281,7303.236282,7156.619921,5426800
30-08-2021,3698.1,7270.806244,7360.106247,7164.629744,5357000
31-08-2021,3698.1,7204.855637,7293.345635,7138.99869,8113300
01-09-2021,3698.1,7235.795644,7324.665647,7204.677705,8208000
02-09-2021,3698.1,7279.762526,7369.17253,7192.662929,7717400
03-09-2021,3698.1,7270.806244,7360.106247,7208.681998,8456900
07-09-2021,3698.1,7208.926881,7297.466882,7106.158771,11046000
08-09-2021,3698.1,7162.517481,7250.487482,7166.230753,8851200
09-09-2021,3698.1,7279.762526,7369.17253,7171.837868,11034700
10-09-2021,3698.1,7287.904363,7377.414365,7183.05218,10547400
13-09-2021,3698.1,7183.686844,7271.916847,7119.774555,18883400
14-09-2021,3698.1,6898.716844,6983.446847,6919.534176,22714200
15-09-2021,3698.1,7015.961237,7102.131235,7026.864055,14951100
16-09-2021,3698.1,7017.589963,7103.779965,6988.417021,12410500
17-09-2021,3698.1,6998.048756,7083.998753,6919.534176,58069000
20-09-2021,3698.1,6915.0006,6999.9306,6901.913522,13897700
21-09-2021,3698.1,7011.890644,7098.010647,6961.984762,11124400
22-09-2021,3698.1,7103.080637,7190.320635,7083.732124,9908000
23-09-2021,3698.1,7218.697526,7307.35753,7162.226459,9720200
24-09-2021,3698.1,7241.494963,7330.434965,7203.876005,7617800
27-09-2021,3698.1,7258.593163,7347.743165,7291.983645,11533000
28-09-2021,3698.1,7331.871244,7421.921247,7247.929495,15041800
29-09-2021,3698.1,7409.22,7500.22,7308.803176,12007300
30-09-2021,3698.1,7093.310644,7180.430647,6978.804953,15649900
01-10-2021,3698.1,7132.391837,7219.991835,7187.857596,13320900
04-10-2021,3698.1,7243.123119,7332.083118,7149.411221,10853900
05-10-2021,3698.1,7260.221237,7349.391235,7328.025993,9788600
06-10-2021,3698.1,7299.303163,7388.953165,7316.011877,10268300
07-10-2021,3698.1,7462.143163,7553.793165,7393.70509,9124400
08-10-2021,3698.1,7499.596281,7591.706282,7586.605968,13202300
11-10-2021,3698.1,7669.763756,7763.963753,7658.942293,12959300
12-10-2021,3698.1,7756.069363,7851.329365,7681.448805,9964100
13-10-2021,3698.1,7812.248756,7908.198753,7748.159718,9453900
14-10-2021,3698.1,7683.605644,7777.975647,7658.139275,7911200
15-10-2021,3698.1,7712.916844,7807.646847,7662.158651,7422800
18-10-2021,3698.1,7743.041837,7838.141835,7757.000911,7344100
19-10-2021,3698.1,7842.3744,7938.6944,7801.206548,5616500
20-10-2021,3698.1,7836.675,7932.925,7767.449871,6574100
21-10-2021,3698.1,7792.708119,7888.418118,7740.122861,6224400
22-10-2021,3698.1,7834.232481,7930.452482,7896.853063,6819600
25-10-2021,3698.1,7942.521244,8040.071247,7867.91878,5083100
26-10-2021,3698.1,7892.854963,7989.794965,7794.777541,7089700
27-10-2021,3698.1,7816.32,7912.32,7718.419944,5941200
28-10-2021,3698.1,7810.6206,7906.5506,7734.496213,5177200
29-10-2021,3698.1,7772.353119,7867.813118,7711.187342,7578600
01-11-2021,3698.1,7646.152526,7740.06253,7585.801714,7327600
02-11-2021,3698.1,7612.77,7706.27,7705.560693,6229600
03-11-2021,3698.1,7714.545,7809.295,7728.06531,5746400
04-11-2021,3698.1,7760.9544,7856.2744,7686.27054,5857500
05-11-2021,3698.1,7661.621837,7755.721835,7631.61586,6160200
08-11-2021,3698.1,7678.720037,7773.030035,7646.887214,5056400
09-11-2021,3698.1,7658.365037,7752.425035,7602.680341,6102600
10-11-2021,3698.1,7601.371281,7694.731282,7541.596653,5828800
11-11-2021,3698.1,7637.196244,7730.996247,7558.47528,3620600
12-11-2021,3698.1,7607.0706,7700.5006,7518.287123,6435300
15-11-2021,3698.1,7565.546237,7658.466235,7556.866771,5700900
16-11-2021,3698.1,7655.108156,7749.128153,7684.663927,7392900
17-11-2021,3698.1,7720.2444,7815.0644,7662.158651,6257600
18-11-2021,3698.1,7612.77,7706.27,7608.306989,5725300
19-11-2021,3698.1,7648.594963,7742.534965,7552.848632,8936600
22-11-2021,3698.1,7605.442526,7698.85253,7604.287613,6488200
23-11-2021,3698.1,7511.809363,7604.069365,7470.062027,8905500
24-11-2021,3698.1,7502.853163,7595.003165,7521.502245,10908500
26-11-2021,3698.1,7496.3394,7588.4094,7421.03276,4519300
29-11-2021,3698.1,7561.475644,7654.345647,7470.062027,9552500
30-11-2021,3698.1,7377.466281,7468.076282,7293.236841,23271200
01-12-2021,3698.1,7300.117526,7389.77753,7213.664781,12084900
02-12-2021,3698.1,7246.38,7335.38,7232.954853,7089800
03-12-2021,3698.1,7142.162481,7229.882482,7092.299106,10808600
06-12-2021,3698.1,7152.746837,7240.596835,7148.561636,8398500
07-12-2021,3698.1,7263.478119,7352.688118,7237.777247,6803700
08-12-2021,3698.1,7157.632526,7245.54253,7148.561636,7695800
09-12-2021,3698.1,7184.500637,7272.740635,7134.897553,8615800
10-12-2021,3698.1,8150.141837,8250.241835,8248.896246,45824600
13-12-2021,3698.1,8184.338156,8284.858153,8109.043435,16317600
14-12-2021,3698.1,8092.333719,8191.723718,8028.668358,9511600
15-12-2021,3698.1,8161.540637,8261.780635,8330.879173,14452200
16-12-2021,3698.1,8327.637519,8429.917518,8296.317665,9053200
17-12-2021,3698.1,7800.850037,7896.660035,7765.842681,28872300
20-12-2021,3698.1,7451.558156,7543.078153,7365.573825,17205400
21-12-2021,3698.1,7304.188119,7393.898118,7355.125442,15823000
22-12-2021,3698.1,7287.904363,7377.414365,7222.506469,10539000
23-12-2021,3698.1,7251.265037,7340.325035,7211.254491,9655400
27-12-2021,3698.1,7248.008156,7337.028153,7196.786731,7666200
28-12-2021,3698.1,7207.298156,7295.818153,7125.253424,5610500
29-12-2021,3698.1,7142.162481,7229.882482,7089.887002,5628500
30-12-2021,3698.1,7146.233156,7234.003153,7073.813207,7382400
31-12-2021,3698.1,7098.1956,7185.3756,7009.511843,5908200
03-01-2022,3698.1,6982.579363,7068.339365,7064.970777,10644400
04-01-2022,3698.1,7142.976844,7230.706847,7140.523543,11959000
05-01-2022,3698.1,7020.032481,7106.252482,6949.230514,11236700
06-01-2022,3698.1,6965.481244,7051.031247,6965.36596,7918400
07-01-2022,3698.1,7024.917519,7111.197518,7059.754827,9836800
10-01-2022,3698.1,7079.468756,7166.418753,7202.546076,11025500
11-01-2022,3698.1,7116.922526,7204.33253,7138.008249,7249800
12-01-2022,3698.1,7138.091237,7225.761235,7124.292572,5840300
13-01-2022,3698.1,7128.321244,7215.871247,7082.3431,6044300
14-01-2022,3698.1,7055.857526,7142.51753,7074.275995,6054800
18-01-2022,3698.1,6948.382474,7033.72247,6901.634283,6824700
19-01-2022,3698.1,6776.586844,6859.816847,6726.571071,10501800
20-01-2022,3698.1,6718.778156,6801.298153,6673.32808,10836900
21-01-2022,3698.1,6678.882519,6760.912518,6632.990826,11609000
24-01-2022,3698.1,6480.217474,6559.80747,6649.124953,16770400
25-01-2022,3698.1,6529.883756,6610.083753,6540.216154,13469900
26-01-2022,3698.1,6454.977519,6534.257518,6420.818668,13971300
27-01-2022,3698.1,6448.463756,6527.663753,6436.146645,10331900
28-01-2022,3698.1,6397.1694,6475.7394,6492.618027,7854700
31-01-2022,3698.1,6523.370644,6603.490647,6547.477109,10594200
01-02-2022,3698.1,6485.103163,6564.753165,6537.796468,8016900
02-02-2022,3698.1,6581.992474,6662.83247,6655.579758,9287600
03-02-2022,3698.1,6646.314356,6727.944353,6610.401317,8207200
04-02-2022,3698.1,6633.287481,6714.757482,6624.116417,5570200
07-02-2022,3698.1,6567.337526,6647.99753,6513.593999,6292200
08-02-2022,3698.1,6497.316244,6577.116247,6517.627222,6585300
09-02-2022,3698.1,6647.943163,6729.593165,6732.218407,8755900
10-02-2022,3698.1,6645.500644,6727.120647,6603.140362,6336300
11-02-2022,3698.1,6475.332519,6554.862518,6433.725723,7670500
14-02-2022,3698.1,6386.584963,6465.024965,6369.186742,5389800
15-02-2022,3698.1,6449.278119,6528.488118,6435.339918,5712800
16-02-2022,3698.1,6368.672481,6446.892482,6388.549837,6227000
17-02-2022,3698.1,6133.368763,6208.698765,6093.283566,9247100
18-02-2022,3698.1,6047.877519,6122.157518,6015.836871,7790100
22-02-2022,3698.1,5994.140644,6067.760647,5979.534158,8039000
23-02-2022,3698.1,5890.736837,5963.086835,5846.422891,6807100
24-02-2022,3698.1,5718.126844,5788.356847,6035.198071,11240500
25-02-2022,3698.1,6051.1344,6125.4544,6159.436166,8291800
28-02-2022,3698.1,6108.128156,6183.148153,6128.779552,9234400
01-03-2022,3698.1,6156.980644,6232.600647,6132.007285,8752100
02-03-2022,3698.1,6208.275,6284.525,6315.136365,8527200
03-03-2022,3698.1,6304.3506,6381.7806,6312.716019,8203000
04-03-2022,3698.1,6170.007519,6245.787518,6170.730261,8841300
07-03-2022,3698.1,5979.484963,6052.924965,5995.668945,11110100
08-03-2022,3698.1,5952.616281,6025.726282,5915.800668,9134100
09-03-2022,3698.1,6081.259963,6155.949965,6139.26758,8959500
10-03-2022,3698.1,6108.942519,6183.972518,6183.637975,13812600
11-03-2022,3698.1,6025.08,6099.08,6278.026183,22795800
14-03-2022,3698.1,6142.324963,6217.764965,6217.521002,13306200
15-03-2022,3698.1,6275.0394,6352.1094,6502.298586,16847200
16-03-2022,3698.1,6330.405,6408.155,6450.667895,14071300
17-03-2022,3698.1,6453.349363,6532.609365,6502.298586,10462400
18-03-2022,3698.1,6419.152474,6497.99247,6589.427158,24176000
21-03-2022,3698.1,6535.583156,6615.853153,6531.341086,8131300
22-03-2022,3698.1,6581.178763,6662.008765,6599.10714,9292300
23-03-2022,3698.1,6531.512481,6611.732482,6485.357732,7451100
24-03-2022,3698.1,6553.495637,6633.985635,6634.603785,7025700
25-03-2022,3698.1,6613.746844,6694.976847,6593.460381,5682300
28-03-2022,3698.1,6655.270637,6737.010635,6744.319311,6626700
29-03-2022,3698.1,6766.816281,6849.926282,6799.98512,5762000
30-03-2022,3698.1,6767.630644,6850.750647,6724.958771,5533100
31-03-2022,3698.1,6724.477474,6807.06747,6674.134148,9433300
01-04-2022,3698.1,6633.287481,6714.757482,6616.049312,6147500
04-04-2022,3698.1,6676.44,6758.44,6782.23622,7882400
05-04-2022,3698.1,6730.991237,6813.661235,6691.076321,5143400
06-04-2022,3698.1,6625.145644,6706.515647,6624.923144,5492400
07-04-2022,3698.1,6577.107519,6657.887518,6603.866647,7112200
08-04-2022,3698.1,6534.769363,6615.029365,6555.272475,6182500
11-04-2022,3698.1,6489.173756,6568.873753,6459.705825,5738400
12-04-2022,3698.1,6433.808156,6512.828153,6424.880243,6174700
13-04-2022,3698.1,6402.054356,6480.684353,6458.894648,4728600
14-04-2022,3698.1,6458.2344,6537.5544,6434.597891,5590400
18-04-2022,3698.1,6343.432526,6421.34253,6334.981123,4955900
19-04-2022,3698.1,6370.300637,6448.540635,6443.506339,5412400
20-04-2022,3698.1,6496.501881,6576.291882,6502.62876,9472600
21-04-2022,3698.1,6459.048763,6538.378765,6437.027633,5616100
22-04-2022,3698.1,6200.947526,6277.10753,6172.192309,9357100
25-04-2022,3698.1,6082.073756,6156.773753,6234.55565,7305900
26-04-2022,3698.1,6064.161844,6138.641847,6034.51143,7555200
27-04-2022,3698.1,6059.276237,6133.696235,6054.758645,7279200
28-04-2022,3698.1,6073.931837,6148.531835,6166.523544,6177900
29-04-2022,3698.1,5955.873163,6029.023165,5944.612887,7946900
02-05-2022,3698.1,5905.392519,5977.922518,5993.206482,7379900
03-05-2022,3698.1,5928.190037,6001.000035,5935.703862,5211500
04-05-2022,3698.1,5926.561881,5999.351882,6091.20411,6759900
05-05-2022,3698.1,5861.425637,5933.415635,5896.019373,7197200
06-05-2022,3698.1,5832.114356,5903.744353,5870.912098,6222500
09-05-2022,3698.1,5794.661237,5865.831235,5793.973441,7019700
10-05-2022,3698.1,5802.803156,5874.073153,5874.152358,8129000
11-05-2022,3698.1,5770.235644,5841.105647,5752.667833,6932100
12-05-2022,3698.1,5615.537481,5684.507482,5728.371736,11698900
13-05-2022,3698.1,5742.552519,5813.082518,5764.006682,6700100
16-05-2022,3698.1,5649.733719,5719.123718,5645.763077,6942100
17-05-2022,3698.1,5756.393756,5827.093753,5821.508644,5952500
18-05-2022,3698.1,5521.090037,5588.900035,5531.568436,7977300
19-05-2022,3698.1,5432.342481,5499.062482,5429.521267,9451600
20-05-2022,3698.1,5442.926837,5509.776835,5558.293698,7531100
23-05-2022,3698.1,5591.111237,5659.781235,5672.489575,7370200
24-05-2022,3698.1,5561.800037,5630.110035,5590.689621,6644100
25-05-2022,3698.1,5599.253156,5668.023153,5655.482043,7103300
26-05-2022,3698.1,5692.072526,5761.98253,5803.692407,6758900
27-05-2022,3698.1,5825.601244,5897.151247,5894.399573,6566700
31-05-2022,3698.1,5823.158156,5894.678153,5824.748904,16890300
01-06-2022,3698.1,5793.033163,5864.183165,5798.832264,5804700
02-06-2022,3698.1,5781.634363,5852.644365,5923.555813,6200400
03-06-2022,3698.1,5799.546844,5870.776847,5814.220655,8169500
06-06-2022,3698.1,5913.534356,5986.164353,5909.787882,5274700
07-06-2022,3698.1,5828.857474,5900.44747,5887.111008,5675700
08-06-2022,3698.1,5775.934963,5846.874965,5781.014874,5253500
09-06-2022,3698.1,5634.263756,5703.463753,5606.077352,6824900
10-06-2022,3698.1,5451.883119,5518.843118,5437.620351,10256100
13-06-2022,3698.1,5191.339037,5255.099035,5187.363477,16547200
14-06-2022,3698.1,5619.608156,5688.628153,5727.561218,29661300
15-06-2022,3698.1,5591.111237,5659.781235,5644.952558,11765500
16-06-2022,3698.1,5502.363763,5569.943765,5564.772981,10686000
17-06-2022,3698.1,5486.893719,5554.283718,5484.594723,16445600
21-06-2022,3698.1,5486.893719,5554.283718,5481.353804,10047700
22-06-2022,3698.1,5404.659356,5471.039353,5388.216896,8219900
23-06-2022,3698.1,5398.960037,5465.270035,5477.304921,8775800
24-06-2022,3698.1,5534.117481,5602.087482,5725.941995,20132600
27-06-2022,3698.1,5613.094963,5682.034965,5702.455097,8840600
28-06-2022,3698.1,5579.712519,5648.242518,5554.244156,7252100
29-06-2022,3698.1,5600.067519,5668.847518,5605.267411,8077900
30-06-2022,3698.1,5553.658119,5621.868118,5658.721067,9888600
01-07-2022,3698.1,5683.930037,5753.740035,5739.710503,7805600
05-07-2022,3698.1,5714.0556,5784.2356,5830.417669,9040400
06-07-2022,3698.1,5806.060037,5877.370035,5803.692407,6043700
07-07-2022,3698.1,5795.4756,5866.6556,5817.459679,7814500
08-07-2022,3698.1,5807.688763,5879.018765,5820.699939,4927300
11-07-2022,3698.1,5772.678163,5843.578165,5822.326745,4543300
12-07-2022,3698.1,5705.0994,5775.1694,5727.959224,7140800
13-07-2022,3698.1,5591.9256,5660.6056,5697.04546,6454800
14-07-2022,3698.1,5555.286844,5623.516847,5649.861082,4915500
15-07-2022,3698.1,5699.4,5769.4,5754.804572,5134100
18-07-2022,3698.1,5711.613163,5781.763165,5711.688609,4642300
19-07-2022,3698.1,5720.569363,5790.829365,5876.83175,7160300
20-07-2022,3698.1,5875.267526,5947.42753,5905.304481,5655700
21-07-2022,3698.1,5872.824356,5944.954353,6063.940563,7005100
22-07-2022,3698.1,6046.249363,6120.509365,6093.227026,6659800
25-07-2022,3698.1,6052.762474,6127.10247,6089.972837,5721600
26-07-2022,3698.1,6001.468119,6075.178118,6022.450747,7284400
27-07-2022,3698.1,6051.1344,6125.4544,6172.137583,6677200
28-07-2022,3698.1,6131.740037,6207.050035,6267.318754,5688100
29-07-2022,3698.1,6269.34,6346.34,6332.40047,5926600
01-08-2022,3698.1,6244.913756,6321.613753,6299.86056,5227500
02-08-2022,3698.1,6192.805037,6268.865035,6211.186365,6403400
03-08-2022,3698.1,6212.346244,6288.646247,6294.165338,6127800
04-08-2022,3698.1,6278.296281,6355.406282,6296.605135,3656200
05-08-2022,3698.1,6187.92,6263.92,6292.538614,4858100
08-08-2022,3698.1,6209.903156,6286.173153,6220.949344,4733500
09-08-2022,3698.1,6174.892474,6250.73247,6245.353576,4243700
10-08-2022,3698.1,6285.623756,6362.823753,6307.994919,5258500
11-08-2022,3698.1,6275.853763,6352.933765,6277.081732,5554600
12-08-2022,3698.1,6323.077526,6400.73753,6438.970684,6692300
15-08-2022,3698.1,6391.47,6469.97,6435.716578,3733500
16-08-2022,3698.1,6419.966837,6498.816835,6469.070138,6185100
17-08-2022,3698.1,6428.108756,6507.058753,6447.105703,5185100
18-08-2022,3698.1,6432.994363,6512.004365,6452.800183,4120500
19-08-2022,3698.1,6386.584963,6465.024965,6399.108251,4679000
22-08-2022,3698.1,6201.761237,6277.931235,6220.135034,5757700
23-08-2022,3698.1,6208.275,6284.525,6216.067855,4432300
24-08-2022,3698.1,6191.991244,6268.041247,6196.542474,3876400
25-08-2022,3698.1,6186.291844,6262.271847,6255.116555,3523400
26-08-2022,3698.1,6071.4894,6146.0594,6072.889232,4904100
29-08-2022,3698.1,6030.7794,6104.8494,6035.467255,4295500
30-08-2022,3698.1,5981.113119,6054.573118,6031.399416,5099100
31-08-2022,3698.1,6028.336881,6102.376882,6032.213725,8612900
01-09-2022,3698.1,5986.812519,6060.342518,6125.767514,8139800
02-09-2022,3698.1,6064.161844,6138.641847,6075.329029,11027700
06-09-2022,3698.1,5988.441244,6061.991247,6006.180792,7090100
07-09-2022,3698.1,5977.856237,6051.276235,6059.872806,5792600
08-09-2022,3698.1,5993.326281,6066.936282,6072.889232,6897100
09-09-2022,3698.1,6060.904963,6135.344965,6175.392348,7762400
12-09-2022,3698.1,6209.903156,6286.173153,6270.573519,15628900
13-09-2022,3698.1,6170.007519,6245.787518,6185.967741,29476500
14-09-2022,3698.1,5843.513156,5915.283153,5867.070008,21601400
15-09-2022,3698.1,5679.045,5748.795,5714.128406,12478100
16-09-2022,3698.1,5556.915,5625.165,5599.423174,23412000
19-09-2022,3698.1,5529.232526,5597.14253,5618.947318,8364000
20-09-2022,3698.1,5491.778756,5559.228753,5540.850411,8624300
21-09-2022,3698.1,5433.970637,5500.710635,5430.212358,6768200
22-09-2022,3698.1,5360.692474,5426.53247,5371.639514,7190700
23-09-2022,3698.1,5200.295319,5264.165318,5251.239059,9282500
26-09-2022,3698.1,5161.213719,5224.603718,5161.752451,6897800
27-09-2022,3698.1,5051.296881,5113.336882,5077.960076,9284800
28-09-2022,3698.1,5068.395,5130.645,5130.838687,8549900
29-09-2022,3698.1,4948.707519,5009.487518,4994.98168,8882100
30-09-2022,3698.1,4971.505281,5032.565282,4968.135426,9794400
03-10-2022,3698.1,4951.150281,5011.960282,5131.652337,9661400
04-10-2022,3698.1,5194.595919,5258.395918,5343.979857,9892600
05-10-2022,3698.1,5290.671844,5355.651847,5421.263689,9201600
06-10-2022,3698.1,5310.212481,5375.432482,5312.25236,6992000
07-10-2022,3698.1,5108.290963,5171.030965,5148.736025,7137900
10-10-2022,3698.1,5049.6684,5111.6884,5090.162851,6407200
11-10-2022,3698.1,5019.543163,5081.193165,5103.245955,7376900
12-10-2022,3698.1,5061.881237,5124.051235,5215.27023,9008600
13-10-2022,3698.1,5070.0234,5132.2934,5331.383443,10147100
14-10-2022,3698.1,5227.978119,5292.188118,5258.608479,8044500
17-10-2022,3698.1,5363.135644,5429.005647,5480.204374,11368300
18-10-2022,3698.1,5400.588763,5466.918765,5481.021816,6688600
19-10-2022,3698.1,5355.807519,5421.587518,5421.330285,5506000
20-10-2022,3698.1,5470.609963,5537.799965,5662.550547,17600500
21-10-2022,3698.1,5724.640037,5794.950035,5944.656322,15652600
24-10-2022,3698.1,5844.327519,5916.107518,5962.645476,11489400
25-10-2022,3698.1,5911.906281,5984.516282,5980.634548,9137700
26-10-2022,3698.1,5907.021244,5979.571247,6118.007918,10693600
27-10-2022,3698.1,6069.861244,6144.411247,6144.992308,7053000
28-10-2022,3698.1,6130.926244,6206.226247,6325.702939,8758100
31-10-2022,3698.1,6220.488163,6296.888165,6383.758845,12349000
01-11-2022,3698.1,6215.602474,6291.94247,6305.260141,7753000
02-11-2022,3698.1,6107.314363,6182.324365,6142.539242,7524300
03-11-2022,3698.1,6029.151244,6103.201247,6135.17963,6761200
04-11-2022,3698.1,6044.620637,6118.860635,6214.496435,7219000
07-11-2022,3698.1,6146.395637,6221.885635,6275.005408,5394300
08-11-2022,3698.1,6108.128156,6183.148153,6185.05906,9104200
09-11-2022,3698.1,6106.5,6181.5,6186.694603,6013700
10-11-2022,3698.1,6245.728119,6322.438118,6310.166769,10437300
11-11-2022,3698.1,6234.3294,6310.8994,6356.775196,7712900
14-11-2022,3698.1,6296.208763,6373.538765,6421.373355,7153000
15-11-2022,3698.1,6351.574363,6429.584365,6474.52387,7618500
16-11-2022,3698.1,6420.781281,6499.641282,6532.579858,6011900
17-11-2022,3698.1,6366.229963,6444.419965,6476.158835,5717300
18-11-2022,3698.1,6419.966837,6498.816835,6519.497332,6107000
21-11-2022,3698.1,6424.038163,6502.938165,6526.855707,5235400
22-11-2022,3698.1,6499.758763,6579.588765,6714.926691,8796200
23-11-2022,3698.1,6658.527519,6740.307518,6750.904916,6347900
25-11-2022,3698.1,6720.406881,6802.946882,6763.98802,2754900
28-11-2022,3698.1,6600.7194,6681.7894,6655.23516,5112200
29-11-2022,3698.1,6555.938156,6636.458153,6611.079139,4928200
30-11-2022,3698.1,6513.6,6593.6,6789.336785,9610300
01-12-2022,3698.1,6704.936837,6787.286835,6877.648167,6127200
02-12-2022,3698.1,6723.663763,6806.243765,6815.503075,4798900
05-12-2022,3698.1,6465.562526,6544.97253,6494.966008,9102900
06-12-2022,3698.1,6355.645037,6433.705035,6452.446189,7656100
07-12-2022,3698.1,6397.983763,6476.563765,6441.81541,5105500
08-12-2022,3698.1,6393.912519,6472.442518,6547.298505,5918700
09-12-2022,3698.1,6476.146881,6555.686882,6530.127451,6850800
12-12-2022,3698.1,6508.714963,6588.654965,6646.239346,15807600
13-12-2022,3698.1,6489.173756,6568.873753,6587.365916,22812200
14-12-2022,3698.1,6560.0094,6640.5794,6690.395367,11183100
15-12-2022,3698.1,6469.633119,6549.093118,6547.298505,8196800
16-12-2022,3698.1,6471.261844,6550.741847,6507.23167,19200700
19-12-2022,3698.1,6487.5456,6567.2256,6582.459289,7738800
20-12-2022,3698.1,6542.096837,6622.446835,6618.438833,6390200
21-12-2022,3698.1,6590.134963,6671.074965,6664.229737,5932400
22-12-2022,3698.1,6467.1906,6546.6206,6581.641847,8181400
23-12-2022,3698.1,6512.785637,6592.775635,6611.079139,4129100
27-12-2022,3698.1,6563.266281,6643.876282,6621.709259,4290700
28-12-2022,3698.1,6529.069963,6609.259965,6568.55932,3794000
29-12-2022,3698.1,6570.593756,6651.293753,6656.052601,3867800
30-12-2022,3698.1,6575.479363,6656.239365,6683.853774,5375700
03-01-2023,3698.1,6697.609363,6779.869365,6845.758468,8997500
04-01-2023,3698.1,6809.968719,6893.608718,6907.902983,7836200
05-01-2023,3698.1,6775.772481,6858.992482,6894.001779,7643800
06-01-2023,3698.1,6824.6244,6908.4444,7004.391418,8641600
09-01-2023,3698.1,7015.147526,7101.30753,7093.033551,7519700
10-01-2023,3698.1,6967.1094,7052.6794,7099.599622,5703300
11-01-2023,3698.1,7090.867474,7177.95747,7271.959623,8359700
12-01-2023,3698.1,7178.801237,7266.971235,7286.733656,6071100
13-01-2023,3698.1,7137.277526,7224.93753,7321.205903,5090800
17-01-2023,3698.1,7199.9706,7288.4006,7271.959623,6550400
18-01-2023,3698.1,7050.971837,7137.571835,7116.836117,6397700
19-01-2023,3698.1,6941.869363,7027.129365,7053.637038,5597000
20-01-2023,3698.1,6961.41,7046.91,7161.156813,5567300
23-01-2023,3698.1,7081.097481,7168.067482,7302.328261,7390200
24-01-2023,3698.1,7164.96,7252.96,7362.243563,7004600
25-01-2023,3698.1,7143.790637,7231.530635,7357.31938,5896800
26-01-2023,3698.1,7253.707474,7342.79747,7372.913986,7302800
27-01-2023,3698.1,7243.123119,7332.083118,7303.969408,5676800
30-01-2023,3698.1,7082.725637,7169.715635,7169.364773,6255300
31-01-2023,3698.1,7112.036837,7199.386835,7260.469286,6200400
01-02-2023,3698.1,7182.058119,7270.268118,7390.970971,6141300
02-02-2023,3698.1,7242.308756,7331.258753,7335.979276,8269200
03-02-2023,3698.1,7186.943156,7275.213153,7355.67815,5671800
06-02-2023,3698.1,7197.528163,7285.928165,7266.214784,4097200
07-02-2023,3698.1,7026.546244,7112.846247,7201.374558,9226000
08-02-2023,3698.1,7043.644363,7130.154365,7115.194228,7624400
09-02-2023,3698.1,7028.988763,7115.318765,7111.911192,4960300
10-02-2023,3698.1,7029.802474,7116.14247,7152.128938,5318400
13-02-2023,3698.1,7099.823756,7187.023753,7339.262312,5560900
14-02-2023,3698.1,7141.348119,7229.058118,7312.177369,7484800
15-02-2023,3698.1,7167.402519,7255.432518,7250.620179,4329900
16-02-2023,3698.1,7084.354363,7171.364365,7199.732752,5942500
17-02-2023,3698.1,7043.644363,7130.154365,7163.619275,6398400
21-02-2023,3698.1,7014.333163,7100.483165,7074.976483,5260300
22-02-2023,3698.1,7000.491844,7086.471847,7084.82625,5840100
23-02-2023,3698.1,7088.425037,7175.485035,7270.318394,8637100
24-02-2023,3698.1,7094.938719,7182.078718,7276.885125,7659200
27-02-2023,3698.1,7112.851281,7200.211282,7219.430967,6748800
28-02-2023,3698.1,7098.1956,7185.3756,7173.468383,7468000
01-03-2023,3698.1,7001.305637,7087.295635,7086.467479,5119800
02-03-2023,3698.1,6991.535644,7077.405647,7138.175562,5293600
03-03-2023,3698.1,7090.053763,7177.133765,7325.309512,5498500
06-03-2023,3698.1,7258.593163,7347.743165,7365.526599,7424800
07-03-2023,3698.1,7169.031244,7257.081247,7252.261985,5382400
08-03-2023,3698.1,7177.173163,7265.323165,7262.931749,5159200
09-03-2023,3698.1,7045.272519,7131.802518,7129.96826,10572300
10-03-2023,3698.1,6748.089356,6830.969353,6900.154679,16029300
13-03-2023,3698.1,6679.696881,6761.736882,6970.739826,10299800
14-03-2023,3698.1,6792.8706,6876.3006,6940.371848,8732200
15-03-2023,3698.1,6686.210644,6768.330647,6810.691395,11463000
16-03-2023,3698.1,6682.953763,6765.033765,6961.711869,10148100
17-03-2023,3698.1,6888.946281,6973.556282,6997.825346,13065800
20-03-2023,3698.1,6941.055,7026.305,7137.354906,9177300
21-03-2023,3698.1,7055.857526,7142.51753,7188.242415,6683700
22-03-2023,3698.1,7119.364963,7206.804965,7214.506702,7233700
23-03-2023,3698.1,7135.648719,7223.288718,7204.657594,10747100
24-03-2023,3698.1,7125.064363,7212.574365,7223.535236,5852100
27-03-2023,3698.1,7209.741244,7298.291247,7398.357699,8170100
28-03-2023,3698.1,7285.461844,7374.941847,7374.555133,6378900
29-03-2023,3698.1,7312.330037,7402.140035,7437.754212,5233600
30-03-2023,3698.1,7304.188119,7393.898118,7428.726255,5640700
31-03-2023,3698.1,7361.182526,7451.59253,7626.529392,10475300
03-04-2023,3698.1,7497.967474,7590.05747,7708.60603,8410900
04-04-2023,3698.1,7566.3606,7659.2906,7715.172102,6651500
05-04-2023,3698.1,7611.141844,7704.621847,7788.219629,7478800
06-04-2023,3698.1,7652.665637,7746.655635,7872.758153,9146200
10-04-2023,3698.1,7616.841244,7710.391247,7727.699365,8681500
11-04-2023,3698.1,7588.343756,7681.543753,7745.007482,8196000
12-04-2023,3698.1,7620.911837,7714.511835,7739.238165,8040300
13-04-2023,3698.1,7648.594963,7742.534965,7875.231247,6240200
14-04-2023,3698.1,7708.8456,7803.5256,7888.418118,6482600
17-04-2023,3698.1,7760.140037,7855.450035,7878.52747,4772400
18-04-2023,3698.1,7797.593156,7893.363153,7951.057482,7219400
19-04-2023,3698.1,7782.937474,7878.52747,7896.660035,4766200
20-04-2023,3698.1,7702.331837,7796.931835,7815.888765,5815500
21-04-2023,3698.1,7674.649363,7768.909365,7842.263165,7335500
24-04-2023,3698.1,7732.457481,7827.427482,7866.164965,4901700
