Date,Open,High,Low,Close,Adj Close,Volume
25-04-2018,685.900024,699.950012,677,686.400024,589.368347,4560558
26-04-2018,681,697,680.650024,691.099976,593.403809,2852323
27-04-2018,695.049988,695.849976,668.450012,670.5,575.71582,3756249
30-04-2018,675,684.150024,668.099976,670.599976,575.801697,2639069
02-05-2018,674,674,655.5,662.549988,568.889709,1745715
03-05-2018,662.549988,667,645.900024,652.950012,560.64679,2284475
04-05-2018,652.950012,665.599976,636.450012,662.650024,568.975647,3162498
07-05-2018,671.75,675.5,654.200012,657.400024,564.467834,2770174
08-05-2018,663,666.400024,651.049988,653.349976,560.990295,1771130
09-05-2018,653,665.75,648.299988,654.099976,561.634338,2193797
10-05-2018,656.650024,671.900024,656.650024,663.599976,569.791199,3927593
11-05-2018,663,671.75,654.200012,666.450012,572.238464,2880596
14-05-2018,661.599976,670,658.25,667.25,572.925293,1436196
15-05-2018,664.599976,680,663.299988,670.650024,575.844727,2427422
16-05-2018,671,678.700012,669,672.700012,577.604919,1690858
17-05-2018,679,681,666.299988,675.799988,580.266724,2022339
18-05-2018,679.799988,697.5,671.25,692.950012,594.992249,4304706
21-05-2018,692,695.900024,678.25,685.349976,588.466614,2342450
22-05-2018,683.599976,690.5,675,686.400024,589.368347,1797801
23-05-2018,687,707.299988,683.25,697.450012,598.85614,3516538
24-05-2018,700.950012,715.900024,695.849976,711.349976,610.791199,5914361
25-05-2018,714.950012,718.700012,696,702.75,603.407043,3547180
28-05-2018,713.950012,713.950012,662.349976,675.25,579.794434,8983562
29-05-2018,676.049988,686.5,673.25,677.849976,582.026855,2684315
30-05-2018,678,691.25,678,687.25,590.098145,3744400
31-05-2018,686,717.799988,682.450012,712.349976,611.649902,7789699
01-06-2018,712,721.5,698.200012,701.150024,602.033142,4585884
04-06-2018,698,717,695.400024,698.299988,599.585999,2864750
05-06-2018,703,714.799988,697.349976,701.25,602.119019,3710175
06-06-2018,705,706.5,684.299988,691.75,593.961975,2793493
07-06-2018,694.5,703.900024,683,701.849976,602.634094,3166739
08-06-2018,705,721.299988,703.5,706.950012,607.013306,4572713
11-06-2018,709,721.900024,705.5,714.200012,613.238464,4023019
12-06-2018,715.099976,718.650024,706.299988,709.099976,608.859253,2200939
13-06-2018,715,715.099976,706.400024,713.799988,612.894836,2429450
14-06-2018,711,717.900024,690,698.799988,600.01532,4483300
15-06-2018,702.5,712,695.200012,707.25,607.270874,3273882
18-06-2018,711,714.150024,701.349976,710.549988,610.10437,1693522
19-06-2018,708.950012,712,694.5,695.75,597.396545,2008178
20-06-2018,699.900024,700.5,688.299988,690.549988,592.931519,2117024
21-06-2018,694.700012,702.75,682.200012,685.299988,588.423645,2599578
22-06-2018,686,692.799988,679.5,691.150024,593.446899,1604665
25-06-2018,692.950012,699.900024,691,696.150024,597.739929,1850829
26-06-2018,695,699.900024,682.150024,687.849976,590.61322,1687463
27-06-2018,692,716.900024,690,714.25,613.281311,5570107
28-06-2018,716.049988,721.75,659.25,664.25,570.349487,8192199
29-06-2018,673.900024,675.799988,634.150024,655.450012,562.793335,10890801
02-07-2018,657.950012,669.5,640,657.200012,564.296082,4422723
03-07-2018,659.950012,666.200012,654.299988,660.849976,567.430054,3506534
04-07-2018,665.349976,665.400024,652,654.5,561.977661,2070241
05-07-2018,662,663.049988,645,646.650024,555.237488,2864186
06-07-2018,649.700012,651.049988,633,634.900024,545.148499,5193752
09-07-2018,640,648.349976,637,643.849976,552.833191,1990065
10-07-2018,649,661,645.299988,650.75,558.757874,3496172
11-07-2018,655,669.799988,651.049988,654.400024,561.891907,5529491
12-07-2018,659.299988,664,645,647.700012,556.138916,3416881
13-07-2018,647,655,635.5,641.049988,550.429016,3194276
16-07-2018,643.950012,661.549988,638.200012,657.299988,564.381775,2856991
17-07-2018,654,664.900024,644.549988,646.799988,555.366211,2658597
18-07-2018,650,654.900024,640,646.299988,554.93689,2568607
19-07-2018,646.299988,654.950012,640,642.200012,551.416504,1610766
20-07-2018,644.099976,661.75,643.5,659.450012,566.227966,2868824
23-07-2018,658,660.950012,639.5,648.549988,556.868713,3696991
24-07-2018,653.650024,654.900024,639.099976,641.5,550.815308,3855335
25-07-2018,644,646.150024,627.200012,631.349976,542.100281,2269581
26-07-2018,624,634.599976,612.400024,632.049988,555.008545,3542338
27-07-2018,632.900024,649.650024,623.650024,645.099976,566.467773,3040306
30-07-2018,648,658.75,646.299988,655.450012,575.556274,3393232
31-07-2018,661,684.900024,661,680.75,597.772339,9680690
01-08-2018,684.400024,687.5,672.599976,681.099976,598.079773,2887901
02-08-2018,678.799988,683.349976,666.5,669,587.45459,1958340
03-08-2018,672,674.950012,654.75,662.75,581.96637,2862463
06-08-2018,662.75,672.950012,662.75,667.099976,585.786255,2226904
07-08-2018,670,674.75,652,658.75,578.453979,2689721
08-08-2018,660,666.900024,650.5,653.900024,574.195129,2074919
09-08-2018,655,658.5,643.900024,646.200012,567.433777,2146227
10-08-2018,648.849976,649.799988,634.099976,645.950012,567.214172,3135726
13-08-2018,649,667.700012,647,659.950012,579.507751,5306724
14-08-2018,663,677.5,660.5,672.799988,590.791382,5529769
16-08-2018,675,680.700012,664.25,668.650024,587.147217,3624795
17-08-2018,666,690,659.400024,687.700012,603.875122,3955484
20-08-2018,685,697.5,678.25,687.950012,604.094788,3577624
21-08-2018,695,717.099976,694.400024,709.400024,622.930237,7918861
23-08-2018,710,738,709,726.650024,638.077576,11534012
24-08-2018,729.5,737,712.599976,718.549988,630.964844,3625878
27-08-2018,720,742,720,737.950012,648.000183,2968641
28-08-2018,740.900024,748.900024,734.25,736.099976,646.375671,3782709
29-08-2018,738,741.25,722.450012,734.450012,644.92688,3627848
30-08-2018,734.450012,737,720.25,731.900024,642.687683,4304298
31-08-2018,734,768.75,731.25,765.799988,672.455444,7276056
03-09-2018,768,776.5,741.5,745.650024,654.761658,3610990
04-09-2018,751.200012,766.900024,747.400024,763.900024,670.787048,4488658
05-09-2018,764.900024,779.349976,757.25,766.150024,672.762878,6093648
06-09-2018,767,780,756.25,775.049988,680.577942,3982477
07-09-2018,775,775,764.200012,772.200012,678.075439,2059329
10-09-2018,774,776.599976,758.650024,766.25,672.850708,2820247
11-09-2018,772,773.799988,738.450012,747.200012,656.122742,3817364
12-09-2018,750,751.900024,728.599976,739.799988,649.624695,3934021
14-09-2018,739.900024,761.799988,721.549988,760.450012,667.757629,3591403
17-09-2018,759.5,772.75,755,767.549988,673.992126,2233000
18-09-2018,769.849976,769.849976,750,754.700012,662.708496,2206998
19-09-2018,757,772,751.200012,769.950012,676.099609,2025718
21-09-2018,765,769.349976,693,738.049988,648.088074,4434535
24-09-2018,740,764,737.549988,751.450012,659.854614,2811682
25-09-2018,751.450012,772.700012,745.099976,758.75,666.264893,2812964
26-09-2018,758.549988,768.150024,739.049988,748.849976,657.571411,3224771
27-09-2018,748.849976,758.950012,737.200012,746.049988,655.112854,3479414
28-09-2018,738,756,725,745.5,654.629822,2971384
01-10-2018,749,763.5,741.700012,759.549988,666.967285,2233369
03-10-2018,764,780.799988,744.400024,750.150024,658.713074,5236214
04-10-2018,742.549988,742.900024,713,719.849976,632.106445,6561009
05-10-2018,718,723.900024,695.5,714.5,627.408569,4769105
08-10-2018,714.5,719.400024,683.650024,694.900024,610.197632,2643927
09-10-2018,695,705,690.700012,696.099976,611.251282,2729413
10-10-2018,692.099976,714,691.049988,699.299988,614.061218,3409416
11-10-2018,680,702.049988,677.650024,695.450012,610.680542,3611423
12-10-2018,692.049988,702.549988,688,693.799988,609.231689,2727205
15-10-2018,693.5,709.400024,681.450012,694.549988,609.890198,4146878
16-10-2018,695,727.599976,694.549988,718.700012,631.096558,2889306
17-10-2018,721,735,717.599976,720.5,632.677185,3320857
19-10-2018,710,711.549988,688.400024,690.799988,606.59729,2049802
22-10-2018,688,690,664.650024,676.549988,594.08429,3293136
23-10-2018,676,683.900024,666,668.25,586.796021,1656193
24-10-2018,668,675,646,667.400024,586.049622,3180852
25-10-2018,660.75,666.150024,649.049988,651.400024,571.999878,2142283
26-10-2018,655.950012,656.900024,640.400024,653.299988,573.668213,1397821
29-10-2018,663,669.049988,644,664.25,583.283508,1942428
30-10-2018,658,692.450012,657.900024,685.099976,601.592163,3825436
31-10-2018,695,748.799988,672.450012,743.900024,653.224976,13010741
01-11-2018,747,747,714.099976,720.700012,632.852844,3999401
02-11-2018,721.599976,727.849976,687.5,690.900024,606.685181,4445407
05-11-2018,692,708.700012,690.099976,696.349976,611.470886,2782174
06-11-2018,696.349976,704.5,691.599976,694.549988,609.890198,1752227
07-11-2018,699,699,693,697.25,612.26123,111376
09-11-2018,704,711,696.200012,707.200012,620.998352,2573761
12-11-2018,707.200012,731.349976,693.099976,724.549988,636.233459,4696550
13-11-2018,719.950012,739.349976,718,728.049988,639.306763,4401141
14-11-2018,725,727.900024,692.099976,700.25,614.895386,3367710
15-11-2018,702,721.900024,697.349976,714.900024,627.759827,4485617
16-11-2018,714.700012,732.299988,711,728,639.263062,2874046
19-11-2018,730,734.75,724.25,732.549988,643.258362,2212804
20-11-2018,732.5,732.5,704.049988,709.700012,623.193604,2667937
21-11-2018,709.700012,709.799988,684.25,690.650024,606.465698,3108345
22-11-2018,702.700012,710,685.450012,690.799988,606.59729,4031353
26-11-2018,688,698.75,671,694.5,609.846375,2993915
27-11-2018,695.700012,708.299988,685.049988,694.150024,609.539001,2560757
28-11-2018,701,705.900024,692,697.5,612.480713,2767316
29-11-2018,706,706,685.25,687.5,603.699524,2351937
30-11-2018,688.799988,709.900024,686.950012,705.950012,619.900696,3292579
03-12-2018,706.799988,717.650024,703.700012,712.700012,625.828003,2410009
04-12-2018,712.700012,724.75,704.549988,723.549988,635.355408,2896702
05-12-2018,711.049988,739.900024,711.049988,726.849976,638.253174,4864922
06-12-2018,724,724,690.599976,696.400024,611.514954,3467903
07-12-2018,698,703.950012,685.150024,694.25,609.626831,2423892
10-12-2018,687,705,680.049988,687.900024,604.050903,2334813
11-12-2018,690,708.900024,685,695.299988,610.548828,3495336
12-12-2018,700,711.200012,690.549988,705.349976,619.37384,2355119
13-12-2018,706,713,697.099976,709.299988,622.842346,2593714
14-12-2018,709.150024,716.799988,705.099976,712.200012,625.388916,1982037
17-12-2018,712.5,722.5,711.5,719.75,632.018616,1435014
18-12-2018,715,716.549988,704.200012,709,622.578918,1905592
19-12-2018,709,714.049988,691.900024,709.450012,622.97406,2702676
20-12-2018,702,717,702,707.75,621.481262,1817880
21-12-2018,710,713.5,693,695.75,610.944031,2063928
24-12-2018,699,704.900024,690.599976,697.900024,612.831909,1472565
26-12-2018,695.900024,697.900024,686,693.549988,609.012146,1881689
27-12-2018,702,713.5,696.150024,708.900024,622.49115,3018106
28-12-2018,710,718.400024,710,714,626.969482,1863654
31-12-2018,720,726.450012,715.099976,723.150024,635.00415,1814655
01-01-2019,715,721.450012,715,719.099976,631.447754,815535
02-01-2019,719.150024,729.700012,709.25,712.049988,625.257141,2576769
03-01-2019,715.049988,716,685.25,691.25,606.992615,3558015
04-01-2019,694.450012,697.049988,672.5,681.099976,598.079773,3926171
07-01-2019,685,690.849976,682.549988,687.5,603.699524,1885000
08-01-2019,688,692.400024,685.200012,689.849976,605.763123,1300906
09-01-2019,694.200012,701.400024,684,693.700012,609.143921,2183998
10-01-2019,695,696.950012,689.150024,694.549988,609.890198,1454656
11-01-2019,694,701.25,687,699.200012,613.973511,1849817
14-01-2019,703,703.099976,676.900024,679.849976,596.981995,1558602
15-01-2019,682.950012,710.799988,682.049988,706.25,620.164124,2491520
16-01-2019,705,705,697,699.900024,614.588196,1922647
17-01-2019,699.5,709.099976,696,705.549988,619.549377,1434040
18-01-2019,705,714.200012,702.349976,709.150024,622.710693,1888004
21-01-2019,710.349976,721.400024,709,713.900024,626.881653,2586962
22-01-2019,714,720,701.799988,714.200012,627.145081,2839669
23-01-2019,714,725.900024,711,720.700012,632.852844,1965283
24-01-2019,724,730,716.5,727.75,639.043518,1849102
25-01-2019,732,735.200012,724,729.049988,640.184998,2528541
28-01-2019,732.200012,738,721.150024,735.150024,645.541443,1804582
29-01-2019,735.200012,742.400024,721.400024,731.5,642.336365,3100457
30-01-2019,732,733.400024,711.75,714.599976,627.496338,2139900
31-01-2019,718,736.700012,718,731.900024,642.687683,3253640
01-02-2019,732.950012,750.599976,728,746.599976,655.595886,2260029
04-02-2019,749,752.25,736.599976,749.150024,657.835022,1518373
05-02-2019,752,760,740.200012,751,659.459595,2446263
06-02-2019,784,814.5,774,811.349976,712.453369,14860848
07-02-2019,809,816.200012,798.099976,805,706.87738,4966655
08-02-2019,800,818,800,805.549988,707.360413,5242725
11-02-2019,809,813.900024,804,809.400024,710.741028,2541742
12-02-2019,809.900024,814.900024,796.450012,805.150024,707.009155,2416559
14-02-2019,805.799988,811.75,800.400024,805.900024,707.667786,2464657
15-02-2019,804.799988,804.799988,777.25,799.650024,702.179443,4312334
18-02-2019,815,822,800.5,803.450012,705.516296,3851335
19-02-2019,807,809,788.849976,791,694.583801,2372030
20-02-2019,794.049988,816.25,785.25,812.400024,713.375366,3340240
21-02-2019,814,840,809.099976,820.650024,720.619812,14193982
22-02-2019,824.900024,829.75,818.099976,826,725.317688,4789937
25-02-2019,830.200012,832.900024,822.5,830.650024,729.400879,2881535
26-02-2019,825,838.400024,820.599976,833.299988,731.727783,3319590
27-02-2019,836.400024,837.950012,820.599976,825.599976,724.966431,3703224
28-02-2019,833,838.400024,825,830.150024,728.961731,6409662
01-03-2019,831,836.5,829.099976,831.799988,730.410645,3820707
05-03-2019,822.5,824.700012,808.049988,810,711.267822,4927644
06-03-2019,812,829.700012,812,823.549988,723.166138,3999053
07-03-2019,823.549988,825.450012,806.25,808.25,709.73114,2306250
08-03-2019,810.200012,813.5,802.599976,811.349976,712.453369,1437045
11-03-2019,812,814.400024,803,807.150024,708.76532,2699806
12-03-2019,811,813.75,801.150024,804.700012,706.613831,2793702
13-03-2019,808.900024,816,788,789.950012,693.661804,4815576
14-03-2019,792.099976,795,775,788.450012,692.344666,3112666
15-03-2019,794,807.5,787,799.299988,701.872131,3854238
18-03-2019,804.950012,805.700012,782.25,788.599976,692.476379,3379301
19-03-2019,793.5,797.450012,783.25,794.650024,697.78894,2413153
20-03-2019,797,806.200012,787.299988,789.849976,693.573975,3331375
22-03-2019,794.5,798,783.200012,788.75,692.608093,2815749
25-03-2019,792,795.450012,786.400024,789.599976,693.354431,1861646
26-03-2019,790.200012,791.900024,768.150024,770.75,676.802185,3169827
27-03-2019,771,773,761.599976,764.950012,671.709106,3893738
28-03-2019,770,782,768.049988,771.700012,677.636353,3908706
01-04-2019,782.849976,794.799988,779,785.5,689.754211,3433947
02-04-2019,790.950012,794,785.049988,792.450012,695.857056,2596840
03-04-2019,792.450012,793.349976,776.25,777.700012,682.904968,1467406
04-04-2019,777.900024,781.75,767.25,774.5,680.095093,1751584
05-04-2019,779,787.099976,774.5,777.25,682.509827,1367411
08-04-2019,779.700012,790,773.400024,787.150024,691.203064,1368825
09-04-2019,790.349976,797.700012,787.299988,789.5,693.266724,2128462
10-04-2019,786.049988,798.950012,786,790.25,693.925232,2497013
11-04-2019,790.400024,795.75,778.599976,780.950012,685.75885,1854222
12-04-2019,779,786.349976,774.549988,785.349976,689.622498,3162714
15-04-2019,785.349976,799.400024,785,797.200012,700.028137,3317405
16-04-2019,799,804.700012,795.150024,798.099976,700.818298,1868910
18-04-2019,804,809,798.099976,800.349976,702.794128,6307643
22-04-2019,800.700012,810.799988,798.799988,805.349976,707.184692,1833972
23-04-2019,806.5,807.950012,800.049988,804.950012,706.833496,1214892
24-04-2019,807,820,806,818.75,718.951416,2710117
25-04-2019,820,827,813.450012,816.5,716.975647,5447101
26-04-2019,816.5,826.849976,816.5,823.25,722.902832,1996703
30-04-2019,825.950012,838,823.099976,836.099976,734.186523,2783771
02-05-2019,834.900024,846.5,829.099976,837,734.976868,3241791
03-05-2019,830,834.450012,813,817.400024,717.76593,2329144
06-05-2019,810,825.5,810,820.150024,720.180664,1247845
07-05-2019,822,824.299988,809.700012,814.650024,715.351196,1810222
08-05-2019,813,814.099976,799.599976,802.299988,704.50647,1270071
09-05-2019,801,814.75,799.200012,809.650024,710.960632,2024710
10-05-2019,810.400024,813.400024,800.400024,808.400024,709.862976,1429055
13-05-2019,811.599976,825.700012,809.200012,817.299988,717.678101,3719275
14-05-2019,818.799988,818.799988,786.599976,790.049988,693.749634,2701861
15-05-2019,791,798.400024,785.549988,790.299988,693.969116,1662095
16-05-2019,788.650024,794.75,781.349976,789.349976,693.134949,1233818
17-05-2019,793,793,776.549988,784.849976,689.183533,1608854
20-05-2019,790,790,763,779.349976,684.353821,3754370
21-05-2019,780,784.799988,768.099976,773.049988,678.821777,1669926
22-05-2019,758,767.349976,744.200012,749.950012,658.537537,5888740
23-05-2019,760,761.349976,740.549988,743.299988,652.698059,3764857
24-05-2019,749.900024,749.900024,732.049988,735.849976,646.156128,3591853
27-05-2019,737,738,719.5,726.049988,637.550659,3672605
28-05-2019,727,746.75,727,737.150024,647.297729,5583587
29-05-2019,736.950012,748.25,733.650024,738.849976,648.790466,2058402
30-05-2019,741.5,746,732.950012,735,645.409729,3367426
31-05-2019,740,763.799988,738.150024,760.349976,667.6698,5503111
03-06-2019,763.900024,763.900024,749,757.599976,665.255066,2826290
04-06-2019,756.299988,762.700012,746.799988,748.299988,657.088623,2332547
06-06-2019,748.299988,749.299988,733.900024,738,648.044067,3225967
07-06-2019,738.099976,752.700012,729.400024,750.75,659.239929,1569343
10-06-2019,755.450012,769.349976,754.049988,768.200012,674.562927,2539412
11-06-2019,770,770.75,759.25,762.099976,669.206543,2069998
12-06-2019,762,764.299988,743.299988,747.950012,656.78125,3056823
13-06-2019,744,752.700012,738.5,744.099976,653.400574,2385606
14-06-2019,744,746.650024,735.299988,740.25,650.019897,1348083
17-06-2019,740,743.150024,734.049988,736.549988,646.770752,1333739
18-06-2019,737.900024,744.400024,736.049988,741.549988,651.161377,1645116
19-06-2019,742,744.299988,729.549988,735.599976,645.936646,1945921
20-06-2019,722,731,717.849976,725.549988,637.111572,4139025
21-06-2019,729,744,726.5,740.450012,650.195496,7280809
24-06-2019,738,738,727,728.25,639.482544,1242655
25-06-2019,727,728.150024,720,724.349976,636.057922,1451025
26-06-2019,721.299988,730.849976,716.400024,718.099976,630.569641,2781711
27-06-2019,715.5,719,691.650024,701.950012,616.388306,8567309
28-06-2019,706.900024,715,704.099976,706.599976,620.471436,3421172
01-07-2019,709.700012,711.200012,702.349976,704.650024,618.759155,2073961
02-07-2019,702.049988,713,700.25,711.650024,624.905945,2432132
03-07-2019,713,713.450012,698.5,701.099976,615.641846,2040614
04-07-2019,701.400024,706.75,697,700.599976,615.202759,2838357
05-07-2019,700.5,703,678.299988,681.099976,598.079773,2813644
08-07-2019,680,685.75,665.5,680.349976,597.421082,2293102
09-07-2019,681,684,668.599976,675.900024,593.513611,2180104
10-07-2019,671.049988,684.799988,668,674.849976,592.591553,2468773
11-07-2019,676.700012,676.700012,658.400024,665.700012,584.556824,3449721
12-07-2019,665,672.900024,663,665.799988,584.644592,1792810
15-07-2019,675,680.700012,665.849976,677.900024,595.269836,1883164
16-07-2019,680,681.599976,670.5,675.950012,593.557434,2015642
17-07-2019,675.950012,695.5,673.049988,690.799988,606.59729,3271680
18-07-2019,687.349976,694.25,680.099976,687.200012,603.436157,2984256
19-07-2019,687.200012,691.5,664.400024,675.049988,592.767151,2005513
22-07-2019,671,679,670,671.950012,590.044983,1286218
23-07-2019,673.25,675.549988,665.75,671.200012,589.386475,1462269
24-07-2019,670.349976,679.799988,651.450012,660.450012,579.946716,3060459
25-07-2019,647.799988,657.650024,641.5,652.5,585.374329,2751865
26-07-2019,649.700012,651,641.049988,643.5,577.300293,1637706
29-07-2019,641,654.650024,641,646.299988,579.812195,2524484
30-07-2019,645,650.299988,633.150024,640.25,574.384644,2882913
31-07-2019,629,639.799988,607.150024,636.25,570.796082,9651731
01-08-2019,632.049988,633.450012,619,625.650024,561.286621,3982949
02-08-2019,625,639.099976,618.400024,636.150024,570.70636,2172845
05-08-2019,631.150024,651.049988,625.299988,648.049988,581.382141,3140140
06-08-2019,650.099976,679.849976,650.099976,670.599976,601.612366,7226321
07-08-2019,671.799988,678.5,670.299988,674.450012,605.066223,3239880
08-08-2019,674,683.900024,665,680.200012,610.224792,2708834
09-08-2019,679,680.75,659.75,663.349976,595.108215,3743407
13-08-2019,661.099976,662.5,636,639.150024,573.397766,2716622
14-08-2019,639.049988,662.5,638.900024,659.099976,591.29541,2627043
16-08-2019,656.900024,661,646.150024,659,591.205688,3067796
19-08-2019,662,674.400024,661.5,670.349976,601.388123,2871173
20-08-2019,674,680,664.650024,668.900024,600.08728,3913608
21-08-2019,670,675,669.299988,672.799988,603.585999,2106655
22-08-2019,672.650024,684,668.099976,682.75,612.512451,3353812
23-08-2019,684.25,694.400024,679.400024,683.849976,613.499207,7015461
26-08-2019,689.799988,693,670.200012,691.150024,620.048279,1767289
27-08-2019,689.849976,689.849976,673.200012,676.349976,606.770752,3160545
28-08-2019,676,693.450012,676,690.200012,619.196045,2749273
29-08-2019,684.150024,694,681,691.150024,620.048279,2789979
30-08-2019,693,700.700012,675.849976,693.650024,622.291138,3067856
03-09-2019,698,716.900024,698,704.5,632.024902,5044667
04-09-2019,705,709.75,692.200012,703.25,630.903503,2027768
05-09-2019,710,710,691.049988,695.450012,623.905884,2019839
06-09-2019,716.349976,734.450012,716.349976,721.75,647.500366,10663234
09-09-2019,723,723,710,712.900024,639.560791,1754023
11-09-2019,718,723.25,701.25,703.700012,631.30719,2702792
12-09-2019,701.099976,709.200012,694,705.549988,632.966919,3282740
13-09-2019,705.25,711.299988,701,709.5,636.51062,1073430
16-09-2019,710.099976,723.25,710.099976,719.450012,645.436951,2500556
17-09-2019,719.900024,719.900024,699.150024,705.950012,633.325745,2948429
18-09-2019,710,718.099976,701.900024,716.75,643.014771,1666369
19-09-2019,715.700012,715.700012,700,703.349976,630.993103,1570183
20-09-2019,701.299988,716.200012,696.049988,700.849976,628.750305,3394351
23-09-2019,703,704.950012,675.099976,682.799988,612.557312,2256769
24-09-2019,686.049988,705.900024,683.700012,703.849976,631.441711,3128057
25-09-2019,704.049988,709.950012,698,705.900024,633.280823,3512690
26-09-2019,705.450012,716,701.799988,713.700012,640.278381,3300104
27-09-2019,710,718.650024,702.049988,704.299988,631.845459,2434719
30-09-2019,704.5,716.599976,696.200012,714.5,640.996094,2136186
01-10-2019,715,715,700,704.950012,632.428528,1709480
03-10-2019,705.25,717.75,692.549988,702.5,630.230591,2111319
04-10-2019,705,713.799988,702.549988,708.150024,635.299438,2273166
07-10-2019,708.150024,716.799988,700.700012,704.799988,632.294128,2578403
09-10-2019,702.799988,713.900024,701.849976,711.049988,637.901001,1115851
10-10-2019,708.049988,718.849976,703.5,711.299988,638.125366,1507268
11-10-2019,701.299988,723.900024,697.5,721.450012,647.231201,3785425
14-10-2019,721,728.650024,717.450012,720.75,646.603149,1871571
15-10-2019,724,729,719,720.5,646.378906,1482881
16-10-2019,720.099976,729.75,717.700012,727.700012,652.838257,2114943
17-10-2019,725,731,715.950012,724.349976,649.832825,2177984
18-10-2019,724.450012,737.75,722.700012,734.200012,658.669556,2907649
22-10-2019,727.400024,732,714.299988,717.650024,643.822144,2825230
23-10-2019,717.650024,734.400024,716.349976,726.599976,651.851318,2143330
24-10-2019,730,745,724.400024,726.349976,651.627075,2888332
25-10-2019,730.900024,730.900024,701.200012,720.950012,646.782715,2785014
27-10-2019,723,737.400024,718.5,726.75,651.985901,194159
29-10-2019,728,763,725.099976,754.75,677.105469,3292048
30-10-2019,762,764.799988,745.549988,754.400024,676.791504,2232609
31-10-2019,754.950012,759.349976,736.599976,739,662.975769,4178139
01-11-2019,740.900024,764,740,760.450012,682.219116,4136257
04-11-2019,760.450012,777.599976,753.450012,769.5,690.338074,4936914
05-11-2019,772,775.549988,764.799988,773.25,693.702209,3303839
06-11-2019,784,784,767.599976,771.900024,692.491089,9486591
07-11-2019,775,775,765.049988,769.700012,690.517517,2060900
08-11-2019,772,777.849976,770.299988,771.349976,691.997742,2368591
11-11-2019,769.950012,774.5,768.049988,770.400024,691.145508,1345883
13-11-2019,768,773.799988,746,757.049988,679.168762,2434874
14-11-2019,756,763.5,748.299988,758.349976,680.335144,2564424
15-11-2019,758.349976,763.25,749.299988,751.950012,674.593506,1787358
18-11-2019,752,758.299988,747.5,751.799988,674.459045,2216434
19-11-2019,754,766,752,763.150024,684.641357,2725437
20-11-2019,764.900024,773,755.950012,771.400024,692.042664,2343750
21-11-2019,775,780,762.799988,765.150024,686.435608,2102137
22-11-2019,765,765,742.799988,754.200012,676.612122,1819912
25-11-2019,754.200012,765.700012,750.849976,763.549988,685.000244,1837243
26-11-2019,766,767.849976,756.299988,763.599976,685.045044,2968850
27-11-2019,762.849976,769.549988,757.349976,767.549988,688.588623,1369944
28-11-2019,765.150024,772.099976,762,766.25,687.422424,1096867
29-11-2019,766,772.349976,758.400024,761.450012,683.11615,1236902
02-12-2019,758.099976,759.900024,732.299988,748.450012,671.453552,4333335
03-12-2019,748.049988,756.700012,743.299988,746.25,669.479919,1838085
04-12-2019,746.900024,761.5,743.549988,758.799988,680.738831,1870954
05-12-2019,755,766.75,752.099976,764.900024,686.211243,2475102
06-12-2019,763.200012,771.349976,755.549988,757.5,679.572632,1092422
09-12-2019,759.450012,759.450012,746.5,750.349976,673.158081,1435556
10-12-2019,749.950012,749.950012,737.299988,744.950012,668.31366,1582428
11-12-2019,741,760,741,757.950012,679.976318,1644499
12-12-2019,761,766,752.5,756.450012,678.630554,1184008
13-12-2019,758.950012,763.950012,748.25,761.849976,683.475098,2019424
16-12-2019,762.700012,784,759,773.299988,693.747192,5810893
17-12-2019,775.549988,782,772.599976,777.349976,697.380493,2421510
18-12-2019,780.099976,794,780.099976,786.650024,705.723877,5676894
19-12-2019,790,790,778.099976,782.75,702.224854,2099931
20-12-2019,784.049988,787.700012,778,783.349976,702.763123,2092547
23-12-2019,778.599976,787.400024,774.950012,775.950012,696.124512,1887292
24-12-2019,776,777.950012,767.599976,772.049988,692.625671,1413973
26-12-2019,771,779.049988,768.049988,770.400024,691.145508,1276520
27-12-2019,771,781.400024,769.099976,780.200012,699.937317,1363474
30-12-2019,782.700012,784.849976,779.099976,782.700012,702.180176,1055528
31-12-2019,780.049988,780.950012,760,762.299988,683.878723,3004887
01-01-2020,766,766.799988,760.349976,762.099976,683.699341,746371
02-01-2020,762.099976,769.150024,761,766.049988,687.243042,1133488
03-01-2020,766,779.900024,763.549988,775.099976,695.361938,2121704
06-01-2020,774.849976,778.799988,768.150024,770.400024,691.145508,1734439
07-01-2020,770,778.5,760.599976,777.099976,697.156189,1937143
08-01-2020,770.099976,784.900024,767.099976,769.799988,690.607178,2596664
09-01-2020,770.5,776.450012,762.200012,773.650024,694.061157,1678891
10-01-2020,779,781.900024,772.450012,776.25,696.393738,1105725
13-01-2020,779.900024,788.700012,775.049988,785.849976,705.006104,1393509
14-01-2020,785.849976,797.799988,783.700012,796.25,714.33606,1628535
15-01-2020,796.150024,803.650024,788.5,795.150024,713.349304,1759644
16-01-2020,793,795.700012,781.099976,782.849976,702.314697,1110008
17-01-2020,783.5,786.75,775.5,778.450012,698.36731,989312
20-01-2020,778.5,785.450012,774.549988,778.200012,698.143127,1620105
21-01-2020,777.25,783.400024,775,778.900024,698.771057,976954
22-01-2020,780,790.450012,776.200012,778.75,698.636475,1192201
23-01-2020,777.25,780.450012,766.900024,768.950012,689.844727,2018777
24-01-2020,765.099976,788.75,763.299988,787.299988,706.306885,2364265
27-01-2020,786,796.25,779.650024,791.5,710.074707,1175606
28-01-2020,792.5,795.75,784.599976,794.25,712.541931,1506685
29-01-2020,796.900024,807.200012,793.549988,804.150024,721.423523,2565136
30-01-2020,805.599976,807.950012,784,791.349976,709.940247,2493688
31-01-2020,796.849976,802.5,783,796.599976,714.650208,3081521
03-02-2020,808,818.700012,790.5,793.150024,711.555115,3383074
04-02-2020,794.299988,813,794.299988,811.099976,727.658447,1779834
05-02-2020,810,816,807,814.049988,730.305054,1613898
06-02-2020,812.700012,825.950012,810.049988,817.700012,733.579529,1553656
07-02-2020,817.700012,825.450012,814.25,824.450012,739.635132,1397438
10-02-2020,827,827.099976,811.5,813.650024,729.946228,1098971
11-02-2020,813,821.849976,811.049988,819.950012,735.598022,1143705
12-02-2020,820,826.450012,816.799988,821.5,736.988647,1394424
13-02-2020,822.799988,830,814.349976,828,742.820007,1737974
14-02-2020,827,838,825.049988,834.150024,748.337219,2143044
17-02-2020,835.950012,837,827.450012,833.25,747.529907,793328
18-02-2020,825.349976,840,825.349976,838.799988,752.50885,1507814
19-02-2020,839,844.849976,836.049988,840.900024,754.392822,881874
20-02-2020,840.150024,845.900024,826.950012,829.599976,744.255371,1066232
24-02-2020,828.950012,843.900024,815.75,820.099976,735.732666,2917544
25-02-2020,822,826.799988,809.049988,822.099976,737.526917,2479975
26-02-2020,820,825.5,808.200012,811.450012,727.972534,2212784
27-02-2020,807,819.700012,800.200012,809.150024,725.909119,1907768
28-02-2020,789.799988,808,732.049988,744.400024,667.820251,5959364
02-03-2020,742,754.450012,734.400024,744.549988,677.049927,3784522
03-03-2020,750,757.650024,742.099976,752.299988,684.097412,2168900
04-03-2020,754,774.849976,748,771.299988,701.374939,2685540
05-03-2020,769.950012,784,752.349976,756.099976,687.552917,2126955
06-03-2020,746.099976,749.75,731.400024,740.400024,673.276367,2004893
09-03-2020,715,730,696.549988,704.799988,640.903809,3429034
11-03-2020,681,713.900024,666,708.549988,644.313721,4626185
12-03-2020,676,690,637.099976,649.849976,590.935303,3796919
13-03-2020,603.25,670,525.900024,655.950012,596.482361,4553639
16-03-2020,634.799988,634.799988,591,603.400024,548.696594,6499354
17-03-2020,600,617.950012,583.299988,595.450012,541.467285,3333465
18-03-2020,600,611.25,570.650024,579.650024,527.099731,3548257
19-03-2020,549.650024,577.650024,523,530,481.950867,4931298
20-03-2020,525.099976,595.450012,525.099976,576.349976,524.098816,6315992
23-03-2020,540,542,471.399994,487.200012,443.031036,2912669
24-03-2020,487,533.950012,487,503.5,457.853302,4082147
25-03-2020,509,542.849976,507.049988,526.700012,478.950073,3664272
26-03-2020,539.349976,564.900024,513,515.200012,468.492645,5979874
27-03-2020,525,538.799988,498,504.100006,458.398926,4672139
30-03-2020,494,532.349976,485.649994,526.799988,479.040924,4138337
31-03-2020,537,575.25,527.849976,565.5,514.232483,3652911
01-04-2020,560,560.299988,510,511.200012,464.855255,4114437
03-04-2020,513.75,533.150024,510.100006,520.900024,473.675903,5826085
07-04-2020,536.5,557.650024,535.75,549.849976,500.001343,3531972
08-04-2020,539.950012,569.799988,537,558.900024,508.230804,4113059
09-04-2020,570,582.700012,537.549988,545.25,495.818268,5917001
13-04-2020,551,551,521.75,526.849976,479.086395,3822640
15-04-2020,528,548.599976,528,538.650024,489.816742,6316254
16-04-2020,527,530,508.350006,517.650024,470.72052,7001494
17-04-2020,529.099976,532,500,509.850006,463.627655,10839705
20-04-2020,517.950012,531.900024,512,524.849976,477.267731,4549088
21-04-2020,511,520,505.899994,512.950012,466.446625,2950307
22-04-2020,512,521.900024,507.049988,518.299988,471.311523,2268496
23-04-2020,519,527.849976,509.299988,523.700012,476.222076,6094748
24-04-2020,522,532.599976,502.100006,503.450012,457.807892,4817852
27-04-2020,511.700012,519,506.5,511.700012,465.309906,4032316
28-04-2020,518,528.5,515.549988,520.400024,473.221191,4972775
29-04-2020,525.950012,536.900024,522.099976,528.700012,480.768707,6361689
30-04-2020,541,552.900024,532.349976,546.25,496.727661,8931956
04-05-2020,515,519.75,498,502.450012,456.89856,14814506
05-05-2020,506,514,498.200012,499.950012,454.625153,5717678
06-05-2020,503.75,509.100006,490,506.850006,460.899628,3781531
07-05-2020,508,525.849976,506.350006,516.349976,469.5383,6799899
08-05-2020,526.900024,538.599976,519.200012,536.200012,487.588806,6016020
11-05-2020,541.5,543.799988,527.200012,530.200012,482.132721,4272574
12-05-2020,525,539.5,525,533.25,484.90625,5691969
13-05-2020,542,549.75,531.400024,544.75,495.363647,3296409
14-05-2020,532.400024,535,513.950012,515.700012,468.947266,6148398
15-05-2020,520,520,507.399994,510.549988,464.264191,3628530
18-05-2020,511.5,515,501.5,504.049988,458.353485,3283979
19-05-2020,510,519.700012,503.299988,512.599976,466.128296,3041594
20-05-2020,515,524.799988,510.700012,519.200012,472.129974,2772920
21-05-2020,519.950012,521.5,510.049988,520.049988,472.902924,2540109
22-05-2020,517.099976,531,515.099976,529.650024,481.632599,4254552
26-05-2020,533,540.75,518.849976,520.450012,473.266663,2719781
27-05-2020,521.650024,526,512.049988,523.75,476.267517,2265885
28-05-2020,528,531.849976,517.150024,529.700012,481.67804,3387672
29-05-2020,529.900024,535.650024,524.450012,530.450012,482.360046,4081245
01-06-2020,538.5,554.799988,537.049988,543.549988,494.272369,4913055
02-06-2020,543.599976,548.349976,538,547.5,497.864319,3878973
03-06-2020,554,565.5,550,553.25,503.093079,4942023
04-06-2020,557,585,555.650024,582.099976,529.327515,10915145
05-06-2020,588,593.549988,575,579.849976,527.281555,6207096
08-06-2020,585.799988,599.450012,580.099976,590,536.511353,4791151
09-06-2020,594,605.349976,585,586.200012,533.055786,5665593
10-06-2020,591.5,596.900024,582.5,590.5,536.965942,3438670
11-06-2020,591,591,564.75,571.849976,520.006775,3378322
12-06-2020,550,561.900024,550,554.700012,504.411621,3603893
15-06-2020,557,560.5,543.400024,548.799988,499.046509,3944724
16-06-2020,556.950012,556.950012,531.150024,533.299988,484.95166,4262594
17-06-2020,531,545,528.400024,535.549988,486.99765,6139224
18-06-2020,535.049988,540,531,535.900024,487.31601,2658663
19-06-2020,538.5,542.950012,531.900024,538.849976,489.998566,5570067
22-06-2020,541.900024,553.25,538.299988,548.5,498.773651,4352621
23-06-2020,548,560.099976,544.549988,558.799988,508.139893,4438315
24-06-2020,558.799988,566,554.400024,560.950012,510.095062,3500477
25-06-2020,558,565.599976,552.049988,554.150024,503.911438,2386979
26-06-2020,555.5,574.950012,552.599976,560.849976,510.004028,5288935
29-06-2020,558.900024,558.900024,539.200012,541.549988,492.453705,3304988
30-06-2020,547,548.900024,541.549988,543.400024,494.136078,2356985
01-07-2020,544,547.349976,536.049988,545.900024,496.409363,3662491
02-07-2020,549.900024,562.5,542.5,560.849976,510.004028,5966748
03-07-2020,565.900024,572.25,561.049988,567.200012,515.77832,4007490
06-07-2020,574.950012,588,573.049988,581.549988,528.827332,4909636
07-07-2020,583.849976,592.5,577.099976,586.849976,533.646851,5126702
08-07-2020,589.950012,593.900024,576.099976,583.450012,530.555176,3391014
09-07-2020,583.450012,587.700012,572.049988,577.299988,524.962646,2498146
10-07-2020,572,572,561.349976,569,517.415161,3959401
13-07-2020,571.950012,601.799988,570.5,600.049988,545.650269,11008252
14-07-2020,594.950012,603.799988,592.549988,598.299988,544.058838,5525588
15-07-2020,604,630,602,615.299988,559.5177,11907668
16-07-2020,627,638.950012,588.099976,599.400024,545.059143,13009798
17-07-2020,604.349976,604.349976,590.200012,599.700012,545.33197,3307397
20-07-2020,603.849976,625.950012,598.5,622.849976,566.383179,5461610
21-07-2020,630,631.799988,615.349976,620.700012,564.428101,4218944
22-07-2020,618,626.450012,611.549988,617.950012,561.927429,2879564
23-07-2020,612.950012,634.599976,607,632.450012,579.80426,5038587
24-07-2020,632.5,655.400024,625.25,652.599976,598.276917,12276883
27-07-2020,657,671.75,642.799988,664.549988,609.232178,11521949
28-07-2020,670,702.75,667,684.349976,627.384033,23296517
29-07-2020,686.950012,695.25,671,676.400024,620.095764,5436716
30-07-2020,680,687.349976,669.549988,674.75,618.58313,5126995
31-07-2020,678.450012,685.450012,673.5,681.650024,624.908813,3114793
03-08-2020,685.950012,686.950012,669.549988,673.599976,617.52887,3092967
04-08-2020,675,676.650024,650.200012,652.650024,598.322754,5559046
05-08-2020,655,661.5,642.549988,648.549988,594.564087,5139353
06-08-2020,656,666.849976,649.150024,660.349976,605.381775,8644001
07-08-2020,657.75,668,654.400024,662.450012,607.307007,3823897
10-08-2020,668,687.349976,662.700012,681.849976,625.092163,5362182
11-08-2020,690.099976,693.950012,672.099976,674.799988,618.629028,4331864
12-08-2020,675,694,672.650024,692.049988,634.443115,4355435
13-08-2020,695.900024,705.799988,684.299988,697.049988,639.026855,7108877
14-08-2020,692,711,692,695.900024,637.972656,6476545
17-08-2020,704.799988,724.400024,698.650024,721.049988,661.029114,7657241
18-08-2020,725,728,710.200012,713.049988,653.695007,4752247
19-08-2020,715,729,709,726.700012,666.208801,6506907
20-08-2020,720,732,716.200012,726.400024,665.933716,6610632
21-08-2020,731,736.650024,730,732.599976,671.617615,4207706
24-08-2020,734.950012,734.950012,719.25,722.5,662.358398,2385907
25-08-2020,727,740.349976,714.349976,738.599976,677.118103,4585917
26-08-2020,740.950012,741,727,732.849976,671.846802,3157074
27-08-2020,735,746.349976,732.450012,735.599976,674.367981,3207076
28-08-2020,741,758.349976,740,752.349976,689.723572,4223327
31-08-2020,759.700012,774.700012,732.099976,741,679.318359,7224350
01-09-2020,739,752.599976,722.700012,727.849976,667.262939,3563888
02-09-2020,730.150024,745.75,728.150024,735.200012,674.001221,3467486
03-09-2020,739.950012,762,733.099976,759.549988,696.32428,4606227
04-09-2020,747,758.400024,743.549988,748.200012,685.919067,2954845
07-09-2020,749.700012,751.900024,734.049988,747.099976,684.910522,3367905
08-09-2020,748.5,769,745,752.25,689.631958,5237241
09-09-2020,751.950012,759.950012,744.700012,753.349976,690.640381,3038259
10-09-2020,756.650024,758.400024,739.299988,750,687.569275,3737568
11-09-2020,749.400024,770.599976,747.5,765.150024,701.458069,4917946
14-09-2020,770.150024,796.599976,770,790.75,724.927185,9021887
15-09-2020,790.75,803.099976,775,791.150024,725.293884,6339704
16-09-2020,792,794.25,784,792,726.07312,4279003
17-09-2020,788,811.450012,781.299988,786.950012,721.44342,7591219
18-09-2020,793,808.799988,788,804.650024,737.670105,6281494
21-09-2020,807,830,784.299988,787.25,721.718506,10789179
22-09-2020,793,811,772,800.450012,733.819702,9053623
23-09-2020,812.450012,812.450012,783.099976,793.049988,727.035645,6091530
24-09-2020,787.950012,787.950012,747.549988,751.849976,689.265259,5929066
25-09-2020,755.049988,777.349976,748.650024,772.349976,708.058777,6986586
28-09-2020,779.349976,784.400024,772,779.400024,714.521973,3604366
29-09-2020,785,790,764,768.150024,704.208435,7041805
30-09-2020,773,794.799988,765.650024,791.75,725.843994,5433474
01-10-2020,798.200012,825.349976,797.849976,822.5,754.034241,10104719
05-10-2020,822.549988,850.950012,821.849976,841.25,771.223572,8551125
06-10-2020,854.950012,854.950012,832.5,847.400024,776.861572,4902535
07-10-2020,847,848.150024,837.25,846.349976,775.898987,3943817
08-10-2020,862,887.549988,857.650024,860.299988,788.687744,11398839
09-10-2020,860.5,862.450012,845.25,854.150024,783.049683,5306496
12-10-2020,861,864.799988,848.400024,856.900024,785.570801,3343240
13-10-2020,856.900024,879.900024,851,868.200012,795.930115,7327471
14-10-2020,869,873.799988,845.599976,848.849976,778.190857,5346616
15-10-2020,853,858.349976,806.700012,812.400024,744.775024,8893099
16-10-2020,813.200012,828.299988,798.799988,822.75,754.263489,7978964
19-10-2020,828,836.599976,817.599976,824.150024,755.546997,4558879
20-10-2020,820.599976,852.900024,819.599976,849.849976,779.107544,7382532
21-10-2020,851.099976,857.200012,833.950012,845.900024,775.48645,4818496
22-10-2020,844.849976,853.900024,828.799988,837.450012,767.739807,3962610
23-10-2020,840,857.450012,833.549988,848.25,777.640869,7356677
26-10-2020,830,854.700012,814,819.25,751.05481,9770648
27-10-2020,826.400024,833.75,816,828.650024,759.672363,5479538
28-10-2020,830,836.450012,801,804.299988,737.349304,6829067
29-10-2020,790,809.400024,781.849976,804.25,751.315247,6477299
30-10-2020,806.700012,818.650024,802.700012,813.299988,759.769653,6189261
02-11-2020,821.400024,824.799988,809.400024,814.650024,761.030762,4433983
03-11-2020,821,825,804.299988,808.099976,754.911804,4599741
04-11-2020,816,836,812.599976,826.849976,772.427734,5017595
05-11-2020,836,849.700012,833.75,840.700012,785.36615,4269675
06-11-2020,835,854,824.099976,851.150024,795.128418,4123331
09-11-2020,859,877,855.25,872.75,815.306702,4297119
10-11-2020,872,872,819.099976,821.299988,767.243042,6889383
11-11-2020,820,840.650024,812.450012,837.5,782.37677,5387431
12-11-2020,837,848,834.549988,843.25,787.748352,3150886
13-11-2020,838,845.700012,833.349976,838.849976,783.637939,2839192
14-11-2020,844,844.950012,837.950012,840.150024,784.852478,214282
17-11-2020,848.549988,856.5,830.900024,845.25,789.616699,3635434
18-11-2020,844,844.900024,830.150024,836.099976,781.06897,2772377
19-11-2020,833,849,820,822.900024,768.737671,5593368
20-11-2020,829,844.950012,826.400024,837.549988,782.423523,6063818
23-11-2020,838,869.400024,836.75,865.75,808.767395,6251814
24-11-2020,870,890,864.299988,877.650024,819.884155,7068121
25-11-2020,875,880,855.25,862.25,805.497803,4445185
26-11-2020,866.5,867.950012,846.700012,857.049988,800.640015,5169423
27-11-2020,864,885.950012,855.299988,876.849976,819.136841,16482729
01-12-2020,900,914.150024,871.650024,907.299988,847.582703,5821698
02-12-2020,897.049988,912.5,887.200012,908.700012,848.890442,5516684
03-12-2020,913,920.599976,902.950012,915.150024,854.916016,5705020
04-12-2020,915,929.299988,907.049988,923.099976,862.342712,4302626
07-12-2020,915.5,950.849976,914,944.299988,882.147339,3973325
08-12-2020,945,947.200012,922.700012,932.299988,870.937073,4399638
09-12-2020,938,939.700012,925.900024,929.5,868.321472,4157078
10-12-2020,925,932.599976,917.099976,927.299988,866.266235,2608358
11-12-2020,922.200012,931,916.450012,919.400024,858.88623,2398423
14-12-2020,924,924.25,906.049988,909.400024,849.544434,3239051
15-12-2020,900.349976,928.650024,898.450012,927.049988,866.032776,3490143
16-12-2020,935,935,917,921.549988,860.894714,2799394
17-12-2020,921.549988,932.75,912.400024,930.099976,868.882019,2706570
18-12-2020,935,947,928.299988,933.799988,872.33844,5563979
21-12-2020,928.150024,944.650024,890,906.849976,847.162231,4187948
22-12-2020,910,948.900024,903.200012,944.650024,882.474304,5537682
23-12-2020,946.549988,959.75,941,948.150024,885.744019,5456681
24-12-2020,951,956,934.799988,947.25,884.903198,2510775
28-12-2020,947.25,956.450012,944.25,947.099976,884.763062,1870669
29-12-2020,948,968.25,943.849976,965.650024,902.092163,4392641
30-12-2020,970,985,967.799988,983.25,918.533752,6389605
31-12-2020,981.950012,986.400024,968.700012,973.200012,909.145203,2859399
01-01-2021,976,981.200012,971.200012,977.950012,913.582581,1268291
04-01-2021,980.599976,1005,975,1001.950012,936.00293,3515825
05-01-2021,1002.5,1007.950012,991.299988,1003.849976,937.777832,4040321
06-01-2021,1004,1026,983.349976,997.150024,931.518799,4677359
07-01-2021,1005.5,1010,988.599976,994.75,929.276794,3354950
08-01-2021,1007.75,1060,1005.450012,1051.099976,981.917908,9279370
11-01-2021,1062.099976,1081.550049,1040.5,1077.599976,1006.673584,6488791
12-01-2021,1077.599976,1077.650024,1053,1064.199951,994.155579,4257926
13-01-2021,1074,1078.75,1050.050049,1069.650024,999.24707,4671772
14-01-2021,1064,1064,1030,1052.599976,983.319214,4765344
15-01-2021,1049.5,1062.800049,1002.650024,1007.299988,941.000793,6063896
18-01-2021,998,1013.799988,991.950012,998.25,932.546387,4659705
19-01-2021,1006.599976,1008.450012,987.200012,992.5,927.174927,4416027
20-01-2021,997,1023.400024,997,1019.450012,952.351135,4687853
21-01-2021,1026,1033.349976,994.5,1004.700012,938.57196,3911527
22-01-2021,1004.700012,1005,975,980.849976,916.291687,3922421
25-01-2021,985.849976,997.900024,962.200012,972.049988,908.070862,2751784
27-01-2021,978,1004.900024,973.650024,997.099976,931.472107,6975618
28-01-2021,990,990,965,981.599976,916.992371,4274190
29-01-2021,990.099976,995.900024,956,961.400024,898.121887,4425911
01-02-2021,961.900024,961.900024,921.150024,941.75,879.765137,6321189
02-02-2021,955,972.900024,937.5,957.200012,894.198242,4971530
03-02-2021,965,1000,960.099976,981.450012,916.852234,5640121
04-02-2021,987.950012,988,964.299988,969.200012,905.408447,4232910
05-02-2021,972.349976,980.849976,950.049988,959.400024,896.253479,3077720
08-02-2021,969.799988,993,960.549988,982.549988,917.879761,3713579
09-02-2021,978.599976,999.799988,967.25,975.099976,910.920166,3086774
10-02-2021,975.5,980.25,957.599976,974.900024,910.733337,2776301
11-02-2021,975,988.650024,972.849976,985.599976,920.729004,2070435
12-02-2021,990,1009,986.25,991.200012,925.960388,5863879
15-02-2021,996,996,977.5,979.200012,914.750305,2487825
16-02-2021,990,1000,973.5,986.799988,921.849976,3912433
17-02-2021,989,996.599976,971.400024,980.450012,915.91803,2227724
18-02-2021,982,1015.5,981.5,1010.599976,944.083496,6742595
19-02-2021,1013.650024,1019.200012,972.650024,993.950012,928.529419,4357699
22-02-2021,998.950012,1011,941.900024,950.700012,888.12616,5946290
23-02-2021,952,962.75,931,945.75,883.501953,4120032
24-02-2021,950,963.900024,936.650024,960.049988,896.860657,1686531
25-02-2021,964,969,952.25,957.799988,894.758789,3682791
26-02-2021,945,948.849976,915,918.849976,858.372375,5254937
01-03-2021,935.450012,957,926.349976,936,874.393677,3429569
02-03-2021,944.5,971,942,967.099976,903.446655,3703190
03-03-2021,972.200012,980.200012,961.450012,976,911.760925,3203532
04-03-2021,960,994.700012,955.599976,968.049988,904.334229,5134954
05-03-2021,965.200012,980.900024,957,959.700012,896.533813,2618145
08-03-2021,963,980,962,968.5,904.754517,2880739
09-03-2021,973,998.5,961.549988,988.150024,923.111206,2814747
10-03-2021,1002,1016.799988,993,1008.75,942.355408,5268496
12-03-2021,1000,1024.599976,996.150024,1003.25,937.217407,4674919
15-03-2021,1005,1029.949951,1002,1026.650024,959.077148,5203101
16-03-2021,1032,1045,1021.099976,1026.550049,958.983826,4797715
17-03-2021,1024,1043.199951,1015.599976,1020.049988,952.911499,3477295
18-03-2021,1034,1035,978.599976,996.200012,930.631409,3738712
19-03-2021,992,1000.75,975.150024,989.450012,924.325623,6208000
22-03-2021,989.900024,1017.400024,978.299988,1013.549988,946.839417,3873143
23-03-2021,1013.549988,1021.5,1000.549988,1013.849976,947.119629,3782337
24-03-2021,1003.75,1013.349976,987.25,992.150024,926.8479,2749823
25-03-2021,992.700012,996.900024,964.099976,968.700012,904.941406,3654840
26-03-2021,977.900024,997.799988,977,991,925.773621,2761824
30-03-2021,991.5,1019.799988,991.5,1016.900024,949.968933,4300037
31-03-2021,1023,1023,989.200012,991.450012,926.19397,3780505
01-04-2021,1000,1007.799988,986,992.150024,926.8479,3555291
05-04-2021,992,1007.200012,978.200012,997.700012,932.032593,5118272
06-04-2021,1006,1008,988.549988,991.349976,926.100525,2395572
07-04-2021,992,1005.650024,982.099976,1002.400024,936.42334,2974419
08-04-2021,1008,1049.849976,1005,1029,961.272583,6737118
09-04-2021,1028.949951,1056.800049,1016.549988,1053,983.692932,6029994
12-04-2021,1051,1059.050049,1016.799988,1039.849976,971.408325,7896295
13-04-2021,1045,1050.25,983,1001.849976,935.909424,6448995
15-04-2021,1001.849976,1007.799988,970.299988,993.150024,927.782166,4373215
16-04-2021,998,1013.5,996,1010.299988,943.803345,2660763
19-04-2021,999.099976,1009.400024,983.299988,1000.099976,934.274597,2777425
20-04-2021,996,1007.5,973.349976,983.400024,918.673889,4028636
22-04-2021,973.599976,985.5,960.650024,967.799988,904.100647,5085190
23-04-2021,966.5,970.950012,945.400024,950.200012,887.659119,3916517
26-04-2021,951,970,937,962.200012,898.869263,5053998
27-04-2021,962.700012,987.599976,944.150024,969.25,905.4552,10497935
28-04-2021,975,980,968,977.400024,913.068726,2968625
29-04-2021,985,985,970.549988,976.900024,912.601624,2747579
30-04-2021,973.799988,976.900024,955.400024,960.400024,897.187683,3129105
03-05-2021,960,965,955,957.700012,894.665405,3506839
04-05-2021,964,969.900024,955.599976,960.400024,897.187683,4064221
05-05-2021,972.599976,972.599976,953.75,960.400024,897.187683,3041045
06-05-2021,965,984.700012,957.849976,977.950012,913.582581,4620827
07-05-2021,980,984.25,972.099976,980.950012,916.385193,2002597
10-05-2021,985,992.650024,973.099976,990.5,925.30658,2036101
11-05-2021,984,986.950012,970.5,977.049988,912.741821,2029457
12-05-2021,977,977,950.400024,962.349976,899.009338,3070622
14-05-2021,963,966.450012,941.400024,952.200012,889.527405,2090820
17-05-2021,954,957.950012,943,953.349976,890.601624,2281200
18-05-2021,960.349976,979,957.049988,970.75,906.856384,2000985
19-05-2021,969,986.299988,962.599976,977.650024,913.302307,2152740
20-05-2021,984.799988,984.799988,965.200012,973.099976,909.051758,1769194
21-05-2021,976.950012,986,971.849976,980.5,915.964661,1534262
24-05-2021,979.799988,994,975.099976,983.700012,918.954163,1830838
25-05-2021,990.049988,1001.700012,983.799988,992.650024,927.315002,2719646
26-05-2021,995.650024,1012,993,1007.799988,941.467834,2013788
27-05-2021,1007,1032,1006.900024,1019.799988,952.67804,6393813
28-05-2021,1020,1033,1012.599976,1026.25,958.70343,1839013
31-05-2021,1025,1032,1013,1021.650024,954.406311,1801746
01-06-2021,1024.699951,1032,1013.349976,1030.5,962.673767,1262702
02-06-2021,1020.200012,1024.699951,994,1016.950012,950.015625,5252186
03-06-2021,1016.950012,1020.75,1007,1014.349976,947.58667,2024676
04-06-2021,1019.549988,1026.949951,1011,1019.200012,952.117493,2315912
07-06-2021,1024.949951,1038.949951,1019.450012,1034.400024,966.317017,1745475
08-06-2021,1039,1060.900024,1037.050049,1057.75,988.130188,4517995
09-06-2021,1057.75,1064.449951,1046.199951,1052.25,982.992249,2163655
10-06-2021,1059.699951,1074,1056.5,1064.900024,994.80957,3934077
11-06-2021,1064.900024,1082.400024,1054.900024,1073,1002.376587,4988857
14-06-2021,1073,1079.349976,1058,1069.25,998.873291,2757666
15-06-2021,1069.25,1093,1061.650024,1066.849976,996.631226,3484298
16-06-2021,1070,1077.949951,1055,1069.150024,998.779785,1881596
17-06-2021,1059.949951,1084.699951,1057.050049,1080.25,1009.149292,3161931
18-06-2021,1089.5,1091.599976,1055,1070.699951,1000.227722,4396398
21-06-2021,1059,1070.050049,1055,1062.900024,992.941223,1074790
22-06-2021,1061.050049,1072,1053.699951,1057.199951,987.616394,2437289
23-06-2021,1060,1062.300049,1038.449951,1056.449951,986.91571,4130539
24-06-2021,1056.550049,1082.300049,1052.5,1080,1008.91571,3617010
25-06-2021,1087.400024,1103.199951,1077,1089.5,1017.790405,3200049
28-06-2021,1091,1108,1081.099976,1105.099976,1032.363647,2143755
29-06-2021,1109,1109.400024,1083,1088.150024,1016.529297,2956332
30-06-2021,1088.199951,1105,1083.300049,1095.449951,1023.348755,1917370
01-07-2021,1096,1099.349976,1081,1085.150024,1013.726929,1459518
02-07-2021,1087,1097.5,1075,1089.400024,1017.697083,1669409
05-07-2021,1093,1094.949951,1071.199951,1074.650024,1003.917847,2597359
06-07-2021,1074.650024,1074.650024,1047.75,1049.550049,980.469971,3865594
07-07-2021,1049.550049,1059.5,1030.099976,1045.900024,977.060181,3713891
08-07-2021,1049,1063.400024,1045,1060.150024,990.372253,2171947
09-07-2021,1055.199951,1068.800049,1049,1051.75,982.525085,1889035
12-07-2021,1057,1058.699951,1046.099976,1056.599976,987.055786,3224820
13-07-2021,1062,1062,1048,1050.150024,981.030518,1908081
14-07-2021,1054,1080,1048,1078.5,1007.514465,3173326
15-07-2021,1078,1119.699951,1076.400024,1112.449951,1039.229736,5922995
16-07-2021,1112.400024,1118.300049,1083.050049,1103.150024,1030.54187,2323939
19-07-2021,1088,1110.449951,1086.099976,1094.199951,1022.181152,1409001
20-07-2021,1095.949951,1102.199951,1084.900024,1087.199951,1015.641846,1230858
22-07-2021,1080,1152.5,1080,1148.599976,1073.000488,7309727
23-07-2021,1123.949951,1141.5,1115.099976,1131,1070.539551,2840803
26-07-2021,1131,1138.550049,1116.550049,1120.199951,1074.568481,984581
27-07-2021,1120.199951,1127.699951,1104.050049,1120.849976,1075.192017,1397105
28-07-2021,1124,1130.699951,1106.5,1119.550049,1073.945068,2533035
29-07-2021,1128.699951,1141.349976,1115.099976,1127.800049,1081.858887,3821405
30-07-2021,1185,1237.300049,1175,1209.550049,1160.278931,20425030
02-08-2021,1210,1214,1195.550049,1210.699951,1161.381958,2385223
03-08-2021,1211,1230,1210,1226.25,1176.298584,2603616
04-08-2021,1225.199951,1230.400024,1213.699951,1216.5,1166.945679,1938175
05-08-2021,1217.050049,1254,1217,1248.199951,1197.35437,5790873
06-08-2021,1252,1273,1243.050049,1264.599976,1213.086304,3894726
09-08-2021,1290.400024,1306.800049,1266,1287.449951,1235.005493,6585101
10-08-2021,1288,1329.699951,1282.400024,1323.050049,1269.155518,6314469
11-08-2021,1323.050049,1326.75,1298.349976,1323.599976,1269.682983,3430349
12-08-2021,1323,1394.800049,1317.75,1386.550049,1330.068848,8613315
13-08-2021,1380.099976,1390,1365.900024,1383.150024,1326.807129,4760344
16-08-2021,1381.949951,1399.949951,1360.25,1367.849976,1312.130493,2912430
17-08-2021,1372,1428.800049,1370.5,1413.699951,1356.112671,8042970
18-08-2021,1418,1425,1404.25,1412.5,1354.96167,2939739
20-08-2021,1370.650024,1420,1370.650024,1399.199951,1342.203369,4051399
23-08-2021,1415.449951,1442.949951,1409,1416,1358.31897,3987240
24-08-2021,1421.900024,1467,1420,1463.349976,1403.740234,5366923
25-08-2021,1463,1478,1450,1463.099976,1403.500488,3105863
26-08-2021,1459.800049,1466.75,1444,1449.5,1390.454468,1993944
27-08-2021,1449.849976,1457.099976,1431.199951,1445.400024,1386.521484,3097939
30-08-2021,1450,1455,1415.900024,1419.199951,1361.388672,2742699
31-08-2021,1424.800049,1454,1406.949951,1447.650024,1388.67981,6392991
01-09-2021,1450,1468.25,1427.5,1436.300049,1377.792236,1829925
02-09-2021,1436,1452.550049,1421.199951,1437.800049,1379.231079,3860958
03-09-2021,1444,1449.699951,1425.099976,1441.949951,1383.211914,1919590
06-09-2021,1448,1467.900024,1436.099976,1461.150024,1401.629883,1801171
07-09-2021,1468.949951,1472.900024,1432.300049,1435.199951,1376.736938,1940043
08-09-2021,1440.199951,1442.349976,1419.849976,1427.849976,1369.686279,2256454
09-09-2021,1425.599976,1437.900024,1414,1433.25,1374.866333,2303457
13-09-2021,1436,1439.800049,1420.349976,1429.5,1371.269165,1937241
14-09-2021,1435,1457,1429.5,1452.050049,1392.900635,1554999
15-09-2021,1442.099976,1480,1437.949951,1464.849976,1405.179199,2410087
16-09-2021,1464.849976,1469,1440,1448.349976,1389.351196,1800078
17-09-2021,1451,1472,1436.599976,1451.550049,1392.421021,2861623
20-09-2021,1440,1493.150024,1426.349976,1431.300049,1372.99585,2526342
21-09-2021,1439,1466.449951,1420.400024,1461.699951,1402.157349,1713705
22-09-2021,1464,1527.900024,1456.5,1513.599976,1451.943237,5145820
23-09-2021,1525.099976,1531,1504,1521.5,1459.521484,2015302
24-09-2021,1530,1547.849976,1511.050049,1514.75,1453.046509,3592146
27-09-2021,1523,1525,1459.199951,1464.400024,1404.747559,2728552
28-09-2021,1464.400024,1465,1408.400024,1414.050049,1356.448608,3995669
29-09-2021,1400,1408.949951,1372.75,1395.349976,1338.510132,7948104
30-09-2021,1388,1402.650024,1377,1380.599976,1324.361084,3856630
01-10-2021,1375,1384,1364.800049,1371.25,1315.391968,2661824
04-10-2021,1384.699951,1405.550049,1372.050049,1399.050049,1342.059692,2538936
05-10-2021,1399.099976,1421,1381,1413.050049,1355.489258,2481825
06-10-2021,1422.900024,1426.900024,1379.949951,1385.650024,1329.205322,2769341
07-10-2021,1397.949951,1423.300049,1375.650024,1417.199951,1359.470093,1956325
08-10-2021,1418.5,1447,1418.5,1439.949951,1381.293335,2665924
11-10-2021,1420,1434.449951,1385.599976,1400.199951,1343.162598,3073366
12-10-2021,1399,1402.849976,1361,1374.449951,1318.461548,2965629
13-10-2021,1386.900024,1410,1377,1402.150024,1345.033203,1738985
14-10-2021,1432,1459.599976,1410.5,1430.800049,1372.516235,4328124
18-10-2021,1420,1486.949951,1420,1479.650024,1419.376221,3579606
19-10-2021,1498,1569.800049,1477.050049,1539.099976,1476.404541,8645334
20-10-2021,1544,1576.5,1515.800049,1539.300049,1476.596558,5159270
21-10-2021,1546.150024,1546.150024,1476.050049,1524.25,1462.159546,4261416
22-10-2021,1531,1561.949951,1483.75,1517.449951,1455.636475,5223521
25-10-2021,1531,1535,1483.800049,1524.099976,1462.015625,3890467
26-10-2021,1571.900024,1630,1543,1563.300049,1499.618896,16978043
27-10-2021,1561.849976,1587.099976,1527.5,1567.849976,1503.983398,3624131
28-10-2021,1578,1582.849976,1526,1533.300049,1470.84082,3054565
29-10-2021,1527.349976,1542.75,1467.800049,1477.849976,1417.649536,3795495
01-11-2021,1490,1529.900024,1487.050049,1522.150024,1460.14502,2271900
02-11-2021,1522.25,1522.949951,1488.050049,1490.599976,1444.111084,2041689
03-11-2021,1498,1537.699951,1493.599976,1498.550049,1451.813354,2697346
04-11-2021,1509,1515,1501,1505.849976,1458.885498,166444
08-11-2021,1508,1562.800049,1504.300049,1556.199951,1507.665161,3050392
09-11-2021,1561,1572,1553,1559.199951,1510.571655,2061369
10-11-2021,1555.949951,1573.349976,1546.550049,1566.599976,1517.740845,1299996
11-11-2021,1560,1560,1515,1521.949951,1474.483398,3027565
12-11-2021,1538.5,1589.449951,1531.300049,1585,1535.567017,3713868
15-11-2021,1585,1601.5,1573.349976,1579.150024,1529.899536,2448280
16-11-2021,1585.099976,1605,1576,1599.900024,1550.002319,2864344
17-11-2021,1598.5,1625,1595,1618.449951,1567.973755,2304359
18-11-2021,1620.199951,1624.75,1559.5,1567.75,1518.855103,2938804
22-11-2021,1581.800049,1581.800049,1520,1541.300049,1493.230103,1951782
23-11-2021,1522,1564.449951,1506.300049,1560.550049,1511.879639,1823592
24-11-2021,1568.800049,1569.900024,1530,1538.099976,1490.129761,1644163
25-11-2021,1531,1564.800049,1530.050049,1559.349976,1510.717041,1557493
26-11-2021,1544,1550,1510.150024,1527.400024,1479.763428,1522173
29-11-2021,1515,1545.5,1479.400024,1536.650024,1488.724976,1995524
30-11-2021,1529,1594.449951,1526.5,1541.449951,1493.375244,5662900
01-12-2021,1550,1594.400024,1550,1587.599976,1538.085938,2761193
02-12-2021,1590,1632.5,1580,1629.650024,1578.824585,2664202
03-12-2021,1625,1638.25,1589.699951,1593.300049,1543.608276,2400296
06-12-2021,1606,1619.550049,1546.849976,1551.75,1503.354004,2911781
07-12-2021,1564,1581.349976,1536,1576.650024,1527.477539,1758254
08-12-2021,1582.650024,1614.800049,1582.050049,1604.800049,1554.749512,1604565
09-12-2021,1593,1620,1585,1611.199951,1560.949829,1947954
10-12-2021,1611,1611.199951,1578.550049,1602.650024,1552.666626,1776362
13-12-2021,1605,1655.5,1597.449951,1638.150024,1587.059448,3163063
14-12-2021,1640,1665,1625.650024,1642.699951,1591.467529,2725454
15-12-2021,1639,1646.300049,1615.900024,1641.599976,1590.401733,1622068
16-12-2021,1649,1667.650024,1642.199951,1652.650024,1601.107178,2225836
17-12-2021,1669.199951,1675,1626.900024,1642.849976,1591.612793,3405084
20-12-2021,1635,1638.349976,1576.599976,1598.050049,1548.210205,2233189
21-12-2021,1605.5,1655.300049,1605.5,1632.949951,1582.021606,2237445
22-12-2021,1645,1661.699951,1631.75,1659.75,1607.98584,1656110
23-12-2021,1670,1691.099976,1664.150024,1683.800049,1631.285767,1715034
24-12-2021,1683.349976,1735.199951,1680.349976,1723.800049,1670.038208,3343946
27-12-2021,1724.5,1792,1703.650024,1785,1729.329468,4512000
28-12-2021,1785,1823,1776.099976,1806.099976,1749.771362,3605483
29-12-2021,1800.5,1821,1782.75,1786.849976,1731.121826,1902921
30-12-2021,1787,1838,1786,1799.949951,1743.813232,4650594
31-12-2021,1800.199951,1813,1783.449951,1790.550049,1734.706421,2378048
03-01-2022,1795.050049,1818,1783,1784.800049,1729.135742,1779147
04-01-2022,1793,1803.800049,1767,1789.800049,1733.979858,2701533
05-01-2022,1779.949951,1782.949951,1733,1737.550049,1683.359375,3138050
06-01-2022,1725,1728.849976,1690,1692.099976,1639.326904,4290750
07-01-2022,1702,1724.550049,1695.099976,1703.849976,1650.710327,2103362
10-01-2022,1719,1725,1687.5,1716,1662.481445,2330348
11-01-2022,1705,1745,1705,1737.150024,1682.971802,2704832
12-01-2022,1754,1755,1721,1730.449951,1676.480713,3013194
13-01-2022,1730,1748.900024,1701.800049,1718.800049,1665.194214,2768371
14-01-2022,1714.5,1746.800049,1696.5,1737.75,1683.553101,1889385
17-01-2022,1732.949951,1751,1720,1722.400024,1668.681763,2522806
18-01-2022,1740,1746.550049,1650.050049,1660.75,1608.95459,4878369
19-01-2022,1663.099976,1676.599976,1627.550049,1670.099976,1618.012939,2610709
20-01-2022,1670.099976,1673.199951,1643.550049,1666.900024,1614.912842,2440011
21-01-2022,1650,1653,1588.849976,1593.550049,1543.850464,4079190
24-01-2022,1588,1588,1501.949951,1513.150024,1465.957886,3250275
25-01-2022,1499,1527.650024,1465,1500.599976,1453.799316,3910618
27-01-2022,1484.5,1484.5,1430,1445.599976,1400.514648,4434890
28-01-2022,1446,1482.900024,1406.25,1410.650024,1366.654663,7080683
31-01-2022,1437,1487.599976,1431.5,1479,1432.873047,4406035
01-02-2022,1504,1514.949951,1475,1505.75,1458.788696,2542754
02-02-2022,1479.900024,1490,1443,1482.949951,1436.699829,9031146
03-02-2022,1478.900024,1479.800049,1449.099976,1454.300049,1408.943359,2433692
04-02-2022,1464,1464.949951,1435,1448.199951,1403.033569,2406272
07-02-2022,1450,1465.75,1434,1444.300049,1399.255249,2741520
08-02-2022,1446.5,1456.150024,1420.199951,1434.199951,1389.470093,1981111
09-02-2022,1440.050049,1470.949951,1440.050049,1454.800049,1409.427734,2282701
10-02-2022,1465,1472,1450.300049,1468.5,1422.700439,1850405
11-02-2022,1449.849976,1449.949951,1421,1424.900024,1380.460205,2426039
14-02-2022,1390,1418.800049,1371,1390.150024,1346.794067,2149302
15-02-2022,1404.050049,1442.599976,1395.050049,1439.650024,1394.750244,1955525
16-02-2022,1450.5,1463.949951,1428.849976,1444,1398.964478,2164650
17-02-2022,1461.449951,1461.449951,1440.25,1447.550049,1402.403931,1669669
18-02-2022,1438.449951,1445,1417.099976,1437.949951,1393.103271,2374188
21-02-2022,1427.150024,1440,1410.099976,1418.199951,1373.969238,2109461
22-02-2022,1380.5,1420.699951,1375,1412.550049,1368.495483,2111878
23-02-2022,1422,1424.949951,1409.199951,1413.300049,1369.222168,1319711
24-02-2022,1370.5,1400,1330,1333,1291.426514,4108603
25-02-2022,1355,1400,1350.099976,1389.699951,1346.358032,1885454
28-02-2022,1380,1419.849976,1363.25,1410,1366.025024,4983140
02-03-2022,1400,1420.699951,1382.75,1394.349976,1350.863037,2160190
03-03-2022,1409.800049,1443.599976,1405.150024,1426.650024,1382.155762,2730530
04-03-2022,1415,1460,1398.5,1453.599976,1408.265137,3567738
07-03-2022,1428,1464,1411.050049,1424.099976,1379.685181,3341715
08-03-2022,1420,1466.900024,1420,1461.949951,1416.354736,2365949
09-03-2022,1461.949951,1511,1461.949951,1504.75,1457.819824,3667977
10-03-2022,1525,1525.949951,1474.5,1485.349976,1439.025024,2835942
11-03-2022,1476,1491.849976,1472.5,1486.800049,1440.42981,1116432
14-03-2022,1487,1508.900024,1487,1503,1456.124512,1372791
15-03-2022,1514,1515,1448,1458.599976,1413.109131,2188506
16-03-2022,1475.199951,1494.5,1468.400024,1489.900024,1443.433105,1453944
17-03-2022,1505,1509.949951,1487,1493.5,1446.920776,2346185
21-03-2022,1495,1520,1476.199951,1479.800049,1433.648071,2110200
22-03-2022,1486.900024,1543.949951,1475.050049,1538.199951,1490.226685,3030660
23-03-2022,1550,1561.699951,1529.199951,1542.150024,1494.053589,3741783
24-03-2022,1530.150024,1571.949951,1530.150024,1568.550049,1519.630127,2085571
25-03-2022,1571,1574.949951,1522.400024,1530.550049,1482.815308,1755511
28-03-2022,1534,1538.949951,1516.550049,1524.449951,1476.905396,1928306
29-03-2022,1537,1539.550049,1519.099976,1522.349976,1474.870972,2311150
30-03-2022,1534.300049,1534.300049,1485,1496.300049,1449.633545,3792481
31-03-2022,1496.300049,1509.599976,1487.199951,1499.449951,1452.685059,2036984
01-04-2022,1499,1502.650024,1475.449951,1487.099976,1440.720337,2537230
04-04-2022,1487.099976,1504.300049,1483.650024,1498.650024,1451.910156,1675276
05-04-2022,1508,1522.5,1480,1489.050049,1442.609619,3207223
06-04-2022,1482,1482,1454,1459.349976,1413.835815,2627895
07-04-2022,1454,1474.650024,1450.699951,1468.550049,1422.748901,3336784
08-04-2022,1475,1483.400024,1440,1448.75,1403.566406,5402943
11-04-2022,1455.949951,1462.349976,1435.650024,1449.199951,1404.002319,3268704
12-04-2022,1436.349976,1441.599976,1406.449951,1415,1370.869019,2021088
13-04-2022,1418.099976,1428.699951,1403.400024,1410.449951,1366.460938,1430399
18-04-2022,1390,1390,1330.199951,1344.550049,1302.616211,3968044
19-04-2022,1361.849976,1361.849976,1285.650024,1301.199951,1260.618164,2677360
20-04-2022,1305.400024,1320.949951,1295.75,1309.199951,1268.368652,3025261
21-04-2022,1313.900024,1319,1297.449951,1312.699951,1271.759399,3728173
22-04-2022,1305,1324,1292.849976,1306.5,1265.75293,1954666
25-04-2022,1295,1297.949951,1262.599976,1270.400024,1230.778809,2686619
26-04-2022,1281.400024,1285.699951,1265,1275.449951,1235.671265,2568317
27-04-2022,1267.75,1274.5,1246.25,1261.25,1221.914063,2382463
28-04-2022,1273.800049,1284.400024,1250.199951,1271.300049,1231.650757,2576887
29-04-2022,1284,1284.800049,1248.349976,1259,1219.734375,3811317
02-05-2022,1240,1249,1224.199951,1231.199951,1192.80127,2149957
04-05-2022,1232.449951,1243.949951,1200,1212.800049,1174.975342,2797667
05-05-2022,1232.849976,1266.099976,1222.150024,1263.349976,1223.94873,3563713
06-05-2022,1239.699951,1299,1228.699951,1290.75,1250.494141,5745203
09-05-2022,1280,1280,1210,1261.150024,1221.817261,5712061
10-05-2022,1255,1271.449951,1235,1242.300049,1203.555298,2852416
11-05-2022,1243,1265.650024,1207.300049,1224.449951,1186.261841,3244609
12-05-2022,1209,1232.849976,1197.050049,1212.800049,1174.975342,3110220
13-05-2022,1228,1234.550049,1195,1202.849976,1165.335449,1892084
16-05-2022,1190,1221,1156.949951,1189.050049,1151.965942,3474480
17-05-2022,1195.800049,1210,1183.150024,1198.199951,1160.830566,4434968
18-05-2022,1209,1230.5,1168.5,1172.050049,1135.496094,5294021
19-05-2022,1153,1153.900024,1100,1108.349976,1073.782715,4393100
20-05-2022,1128,1134.800049,1114.75,1130.900024,1095.629517,2461651
23-05-2022,1134,1147.800049,1115.650024,1142.900024,1107.255249,2783695
24-05-2022,1148,1151.849976,1091,1098.349976,1064.094604,3666196
25-05-2022,1091.050049,1094.900024,1045,1060.150024,1027.08606,4711542
26-05-2022,1070,1089.5,1055.949951,1078.599976,1044.960693,2946857
27-05-2022,1095,1126.199951,1092,1123.25,1088.21814,3367600
30-05-2022,1142.900024,1170.5,1135.449951,1164,1127.697144,2469771
31-05-2022,1152,1192,1148.650024,1180.25,1143.44043,9674664
01-06-2022,1186.150024,1197,1143.099976,1146.599976,1110.839844,2419021
02-06-2022,1140,1155.400024,1131.699951,1146,1110.258545,3206663
03-06-2022,1160,1182,1144.099976,1147.900024,1112.099365,3229236
06-06-2022,1146,1149,1111.099976,1144.199951,1108.514771,3938875
07-06-2022,1130.099976,1139.800049,1120.699951,1130.300049,1095.048218,1656444
08-06-2022,1134.900024,1139.300049,1119.900024,1124.199951,1089.138428,1303551
09-06-2022,1122,1141.949951,1111.650024,1138.599976,1103.089355,1323539
10-06-2022,1119,1123.900024,1100.25,1109.849976,1075.236084,3119792
13-06-2022,1081.199951,1084.599976,1050,1051.949951,1019.141785,2012004
14-06-2022,1034,1056.550049,1020.400024,1030.150024,998.021729,5775453
15-06-2022,1037,1037,1017.799988,1020.049988,988.236755,3238141
16-06-2022,1024.050049,1033.599976,971,975.299988,944.882385,5600443
17-06-2022,971.099976,974.349976,943.700012,965.049988,934.952026,7043370
20-06-2022,965,988.150024,948.049988,979.349976,948.80603,2985094
21-06-2022,991.400024,1004.650024,980,1000.099976,968.908875,3433536
22-06-2022,996.950012,996.950012,968,980,949.435791,2719988
23-06-2022,981.099976,998.549988,971.25,991.099976,960.189575,2915172
24-06-2022,1001,1001,974,981.200012,950.598389,4056588
27-06-2022,996,1024.099976,996,1007.200012,975.787476,3796002
28-06-2022,1002,1029,984.049988,1020.700012,988.866455,2755698
29-06-2022,1008,1027.400024,1002.549988,1021.099976,989.253967,3770663
30-06-2022,1016,1026,997,1000,968.812073,3264301
01-07-2022,997,1014,989.299988,1010.700012,979.178284,1842102
04-07-2022,1010.700012,1013.799988,995,999.950012,968.763611,1814322
05-07-2022,1005,1021.900024,999,1003.200012,971.912231,3045188
06-07-2022,1008,1014.900024,1001.599976,1009.900024,978.403259,2188175
07-07-2022,1020.950012,1026.900024,1016,1020.75,988.914856,1901699
08-07-2022,1031,1034.699951,1014.549988,1026.5,994.485535,2841036
11-07-2022,1015,1017.349976,988,1007.549988,976.126587,2892507
12-07-2022,1000,1016.799988,994.5,997.349976,966.244629,2013304
13-07-2022,1001.400024,1004.200012,987.049988,990.049988,959.172302,2067142
14-07-2022,998,998.599976,968.799988,975.799988,945.36676,2212219
15-07-2022,980,988.900024,965.049988,973.799988,943.429138,2544737
18-07-2022,985,1022,984.200012,1008,976.5625,3946821
19-07-2022,999.950012,1010.950012,991,1007.700012,976.271912,2985845
20-07-2022,1021.25,1051.699951,1017.25,1045.5,1012.892944,5574762
21-07-2022,1025,1035.800049,1011.049988,1032.75,1015.104553,4935223
22-07-2022,1040,1043.699951,1013.25,1028.699951,1011.123657,2985409
25-07-2022,1028.900024,1028.900024,1008.25,1017.25,999.869385,2888919
26-07-2022,1015,1037.25,994.150024,999.349976,982.275146,5939871
27-07-2022,1000,1009.950012,992,1007.650024,990.433411,2546052
28-07-2022,1021.200012,1043.449951,1015.400024,1038,1020.264832,3428026
29-07-2022,1055,1068,1044.099976,1048.650024,1030.73291,6185909
01-08-2022,1058.949951,1058.949951,1037.800049,1049.599976,1031.666626,2540084
02-08-2022,1046,1049.5,1030,1032.599976,1014.957092,2802273
03-08-2022,1027.449951,1057,1024.699951,1052.650024,1034.664551,3509019
04-08-2022,1063,1072.699951,1036.199951,1056.050049,1038.00647,5360632
05-08-2022,1060,1067.949951,1050.449951,1058.199951,1040.119629,2641829
08-08-2022,1056,1064.849976,1049.050049,1056.599976,1038.546997,2579239
10-08-2022,1056,1059.150024,1043.050049,1055.199951,1037.170898,2823021
11-08-2022,1072,1093.900024,1070.199951,1077.25,1058.844238,3201408
12-08-2022,1073.300049,1076.400024,1062,1065.900024,1047.68811,1771561
16-08-2022,1076,1079.949951,1056.550049,1077.699951,1059.286499,2222701
17-08-2022,1072.5,1106.900024,1072.199951,1104.5,1085.628662,4280823
18-08-2022,1100,1109.199951,1088.099976,1105.150024,1086.267578,3041422
19-08-2022,1110,1135,1100,1104.150024,1085.284668,4577717
22-08-2022,1096,1100,1075.25,1078.699951,1060.269409,2157609
23-08-2022,1062,1070.099976,1047,1065.900024,1047.68811,2875768
24-08-2022,1066,1073.400024,1055.099976,1070.949951,1052.651855,2180800
25-08-2022,1080,1089.650024,1065.550049,1070.599976,1052.307861,2734931
26-08-2022,1083,1097.550049,1081,1085.550049,1067.002441,2624896
29-08-2022,1046,1047.599976,1017.299988,1035.550049,1017.85675,6118233
30-08-2022,1048,1080.5,1042.300049,1076.099976,1057.713867,4453769
01-09-2022,1056,1065,1043.099976,1052.900024,1034.910278,6112823
02-09-2022,1058.199951,1066.5,1047.050049,1056.400024,1038.350464,1645341
05-09-2022,1056,1070.800049,1054.800049,1065.050049,1046.852661,1677079
06-09-2022,1065.050049,1071,1050.300049,1063.699951,1045.525635,3051076
07-09-2022,1052,1061,1044,1055.849976,1037.809814,2615897
08-09-2022,1070,1092.900024,1067.099976,1089.599976,1070.983154,2634786
09-09-2022,1102.650024,1132.349976,1086.25,1126.650024,1107.400146,3394349
12-09-2022,1140,1165,1139.949951,1150.099976,1130.449463,5230075
13-09-2022,1156,1164.449951,1143.099976,1147.449951,1127.844727,2483685
14-09-2022,1112,1121.849976,1095,1114.699951,1095.654297,5179539
15-09-2022,1120.300049,1124.300049,1078,1083,1064.495972,3392174
16-09-2022,1065,1073.949951,1028,1033.199951,1015.546814,6635089
19-09-2022,1036,1051.849976,1023.099976,1039.5,1021.739197,2485826
20-09-2022,1054,1065.699951,1050,1056.150024,1038.104736,2321528
21-09-2022,1047.199951,1066.949951,1047,1060.150024,1042.036377,2760138
22-09-2022,1050,1072,1042.25,1048.400024,1030.487183,3867282
23-09-2022,1038,1049.900024,1022,1035.099976,1017.414368,3230711
26-09-2022,1029,1052.25,1013.549988,1032.900024,1015.252014,3314114
27-09-2022,1034.949951,1045,1019.049988,1022.5,1005.029663,4448875
28-09-2022,1016,1036.400024,1008.549988,1029.699951,1012.106567,1965519
29-09-2022,1042.849976,1044.5,1001.650024,1007.099976,989.892761,3176310
30-09-2022,1001,1018.799988,984.549988,1008.599976,991.367126,3848885
03-10-2022,1010,1018.25,999.150024,1005.5,988.320129,2431236
04-10-2022,1022,1036,1017.900024,1028.300049,1010.730591,2715420
06-10-2022,1033.449951,1045,1027.349976,1031.300049,1013.679321,2397633
07-10-2022,1029.900024,1036.449951,1021.049988,1023.849976,1006.356567,1539126
10-10-2022,1008.099976,1033,1003.5,1029.349976,1011.762573,1660433
11-10-2022,1034.5,1035,1000.549988,1004.849976,987.681213,2310765
12-10-2022,1007.799988,1018.799988,998.200012,1015.900024,998.542419,2192421
13-10-2022,1018.849976,1021,1003.049988,1012.950012,995.642822,1344162
14-10-2022,1035,1049.900024,1016.049988,1019.849976,1002.424927,3492929
17-10-2022,1019,1027.949951,1007.450012,1023.25,1005.766846,1426207
18-10-2022,1028.400024,1033.949951,1014,1019.400024,1001.982666,2395805
19-10-2022,1024.5,1030,1016.299988,1019.200012,1001.786072,1304927
20-10-2022,1010,1043.400024,1007,1041.650024,1023.852478,1852905
21-10-2022,1041.650024,1044.349976,1031.099976,1041.150024,1023.361023,1202009
24-10-2022,1051,1051.150024,1045,1048.150024,1030.241455,231316
25-10-2022,1053.400024,1086,1051,1082.5,1064.004517,3097049
27-10-2022,1093.300049,1098,1067.150024,1075.849976,1057.46814,2342818
28-10-2022,1081,1081,1045.050049,1048.949951,1031.02771,1542568
31-10-2022,1053.25,1078.300049,1053,1063.400024,1045.230835,2629847
01-11-2022,1069,1080,1047.150024,1070.900024,1052.602783,4709472
02-11-2022,1071,1098.699951,1066.349976,1082,1063.513062,4104485
03-11-2022,1070,1071.150024,1050.150024,1052.849976,1034.861084,3460133
04-11-2022,1053,1058.800049,1038.75,1053.650024,1035.647461,2531080
07-11-2022,1058.949951,1067.900024,1044.449951,1053.5,1035.5,2588984
09-11-2022,1047,1048.949951,1025.050049,1028.699951,1028.699951,2697639
10-11-2022,1015,1034,1005.25,1021.099976,1021.099976,3285774
11-11-2022,1049,1066,1046.199951,1058.699951,1058.699951,5299457
14-11-2022,1062,1074.449951,1055.449951,1065.349976,1065.349976,2229790
15-11-2022,1065,1070.5,1050,1066.949951,1066.949951,1577944
16-11-2022,1066,1075,1059,1066.849976,1066.849976,2335937
17-11-2022,1060,1061.849976,1047.300049,1058.550049,1058.550049,2089630
18-11-2022,1060,1065,1046,1060.849976,1060.849976,1617331
21-11-2022,1055.099976,1057.900024,1037.800049,1042.599976,1042.599976,1475958
22-11-2022,1042.599976,1052.900024,1036.050049,1050.650024,1050.650024,1696991
23-11-2022,1055.949951,1058.650024,1041.349976,1044.050049,1044.050049,1704144
24-11-2022,1049.300049,1071,1046,1069.300049,1069.300049,2208145
25-11-2022,1070,1082.900024,1060,1080.150024,1080.150024,1943246
28-11-2022,1075,1091,1071.400024,1077.199951,1077.199951,1749691
29-11-2022,1076.099976,1085.449951,1072.800049,1074.550049,1074.550049,1233868
30-11-2022,1074.75,1082,1063.199951,1077,1077,3909954
01-12-2022,1091.400024,1107.949951,1088.150024,1101.5,1101.5,4264917
02-12-2022,1101.5,1116.300049,1100.050049,1114.75,1114.75,3418928
05-12-2022,1120,1120,1096.25,1099.75,1099.75,2760688
06-12-2022,1089,1096.150024,1080.050049,1088.800049,1088.800049,1838107
07-12-2022,1086,1087.300049,1074.199951,1078.050049,1078.050049,1478573
08-12-2022,1078.099976,1082.400024,1070.300049,1074.150024,1074.150024,1110431
09-12-2022,1073.949951,1075.699951,1030.199951,1035.300049,1035.300049,3138360
12-12-2022,1034,1044.400024,1021.799988,1032.099976,1032.099976,1689393
13-12-2022,1039.849976,1047.449951,1030.150024,1045.75,1045.75,1983827
14-12-2022,1051,1068.050049,1051,1065.099976,1065.099976,1983937
15-12-2022,1060,1060,1020.25,1022.75,1022.75,5184673
16-12-2022,1015,1033.5,1011,1020.799988,1020.799988,2994364
19-12-2022,1019.950012,1028.099976,1009.75,1026.699951,1026.699951,1529622
20-12-2022,1025,1025,1004,1017.950012,1017.950012,2149130
21-12-2022,1024.5,1030.550049,1020.25,1026.050049,1026.050049,2037666
22-12-2022,1030,1035,1012.599976,1015.849976,1015.849976,1925482
23-12-2022,1005.049988,1015.5,993,995.75,995.75,1504806
26-12-2022,1000.349976,1006.5,993,1001,1001,966423
27-12-2022,1009.700012,1012.599976,993.200012,1009.549988,1009.549988,1615647
28-12-2022,1005.299988,1019.400024,1002.200012,1016.25,1016.25,1077963
29-12-2022,1010,1015.700012,1007,1013.200012,1013.200012,1977329
30-12-2022,1022.75,1027.650024,1015,1016.400024,1016.400024,1317151
02-01-2023,1017.900024,1021.849976,1005.200012,1009.5,1009.5,1348611
03-01-2023,1013,1024.800049,1008.049988,1023.799988,1023.799988,1439615
04-01-2023,1023.799988,1029.349976,1012.099976,1020.299988,1020.299988,1702044
05-01-2023,1021,1024.949951,1004.5,1011.650024,1011.650024,1376035
06-01-2023,1009.5,1011.650024,985,986.150024,986.150024,2346808
09-01-2023,997.950012,1021,995.400024,1015.25,1015.25,2190779
10-01-2023,1013,1014.049988,999.049988,1002.650024,1002.650024,1411099
11-01-2023,1008.450012,1016.950012,1003.25,1006.349976,1006.349976,1294200
12-01-2023,1010,1013.5,997.299988,1001.549988,1001.549988,1948321
13-01-2023,1004.450012,1009,986.299988,1003.150024,1003.150024,2837817
16-01-2023,1008.200012,1035.75,1003.25,1034.449951,1034.449951,4286551
17-01-2023,1034,1050,1030.900024,1046.050049,1046.050049,2466876
18-01-2023,1046.050049,1051.5,1043.5,1048.349976,1048.349976,1138627
19-01-2023,1043.900024,1054,1040.099976,1053.300049,1053.300049,1768051
20-01-2023,1052.5,1057.5,1041.849976,1046.5,1046.5,1160517
23-01-2023,1053.5,1069.599976,1047.25,1065.300049,1065.300049,1344952
24-01-2023,1070,1077.300049,1065.300049,1070.599976,1070.599976,1578750
25-01-2023,1065,1067.699951,1049,1051.150024,1051.150024,1049973
27-01-2023,1051,1057.650024,1021.5,1030.099976,1030.099976,1651820
30-01-2023,1030.099976,1047.949951,1018.400024,1036.099976,1036.099976,2654212
31-01-2023,1025,1028.849976,996.049988,1015,1015,5797831
01-02-2023,1018.049988,1034.5,1003.299988,1023.75,1023.75,1939670
02-02-2023,1027.300049,1044.25,1011.099976,1016.650024,1016.650024,3860090
03-02-2023,1024.449951,1026.900024,1003,1011.299988,1011.299988,2980262
06-02-2023,1006,1016.400024,997,1005.349976,1005.349976,2003960
07-02-2023,1005,1008.450012,997,1002.450012,1002.450012,1697633
08-02-2023,1007.5,1021.150024,1004.349976,1011.049988,1011.049988,2611176
09-02-2023,1011.049988,1017.700012,1002.599976,1016,1016,1782899
10-02-2023,1011.549988,1021.599976,1004.099976,1017.349976,1017.349976,1116554
13-02-2023,1015,1017.799988,1000.5,1002.5,1002.5,1682312
14-02-2023,1006.049988,1025.699951,1005.75,1012.049988,1012.049988,2440189
15-02-2023,1014.900024,1075,1008.299988,1071.400024,1071.400024,6712218
16-02-2023,1075,1141.050049,1074.050049,1130.25,1130.25,14422445
17-02-2023,1108.099976,1139,1108.099976,1129.199951,1129.199951,5333732
20-02-2023,1129.5,1156.849976,1120,1144.199951,1144.199951,4590531
21-02-2023,1146,1151.949951,1131.050049,1134.449951,1134.449951,3494288
22-02-2023,1122,1134.25,1118,1125.699951,1125.699951,2674708
23-02-2023,1127,1149.5,1124.050049,1128.800049,1128.800049,2576193
24-02-2023,1137,1141,1116,1119,1119,1913493
27-02-2023,1109,1118.25,1096.849976,1113.949951,1113.949951,2247105
28-02-2023,1118,1135.5,1096.75,1100.25,1100.25,3894204
01-03-2023,1100.25,1129,1097,1126.900024,1126.900024,2084324
02-03-2023,1120,1124,1105,1109.800049,1109.800049,1838692
03-03-2023,1118,1119.599976,1082.449951,1085.150024,1085.150024,2388401
06-03-2023,1092,1096,1085,1090.050049,1090.050049,2076844
08-03-2023,1080,1088.400024,1069.599976,1078.300049,1078.300049,2230530
09-03-2023,1082,1083.349976,1057.349976,1060,1060,2550755
10-03-2023,1045,1062.949951,1041.050049,1061.25,1061.25,1400844
13-03-2023,1125,1164.699951,1125,1133.800049,1133.800049,13080169
14-03-2023,1128,1138.25,1098.400024,1115.300049,1115.300049,4325522
15-03-2023,1124.900024,1132.199951,1110.550049,1114.400024,1114.400024,2583351
16-03-2023,1106,1122.599976,1101.050049,1117.75,1117.75,2396839
17-03-2023,1123.349976,1132.5,1114.199951,1127.150024,1127.150024,2507004
20-03-2023,1136.800049,1136.800049,1096,1109,1109,4007438
21-03-2023,1104.949951,1109.849976,1086.449951,1095.650024,1095.650024,3354949
22-03-2023,1097,1106.300049,1093.550049,1099.599976,1099.599976,1750203
23-03-2023,1087.099976,1112,1087.099976,1099.449951,1099.449951,1720354
24-03-2023,1105,1118,1096.650024,1101.949951,1101.949951,1943460
27-03-2023,1090.099976,1113.650024,1090.099976,1103,1103,1455300
28-03-2023,1099,1104.599976,1066.199951,1070.300049,1070.300049,2431154
29-03-2023,1075.699951,1087.400024,1065.099976,1081.099976,1081.099976,1642278
31-03-2023,1095,1106,1091.449951,1101.849976,1101.849976,2281085
03-04-2023,1104.599976,1105,1085.099976,1103.199951,1103.199951,1508662
05-04-2023,1102,1115,1098.599976,1103.5,1103.5,1947605
06-04-2023,1104,1104.949951,1083,1092.75,1092.75,1355815
10-04-2023,1096.349976,1111.75,1090.849976,1107.25,1107.25,940829
11-04-2023,1108,1117,1092.400024,1098.25,1098.25,1384483
12-04-2023,1103,1113.5,1090.800049,1109.900024,1109.900024,1376719
13-04-2023,1100.25,1100.25,1076,1086.849976,1086.849976,2725180
17-04-2023,1035,1038,1002,1029.949951,1029.949951,4349422
18-04-2023,1034.800049,1037.75,1011,1025.199951,1025.199951,2735592
19-04-2023,1025.199951,1029,1010,1013.900024,1013.900024,1953837
20-04-2023,1015.099976,1023.799988,1010.049988,1021.799988,1021.799988,1250758
21-04-2023,1014.299988,1019.599976,993.849976,998.75,998.75,4269272
24-04-2023,null,null,null,null,null,null
